,title,health,ingredients,weight,price,image,,,,
1,Green Tea Stick (Pack of 9 individually wrapped 2g each tea sticks),"Slimming, high in anti-oxidant (anti-aging), helps overall immune system.",Whole leaves Green Tea,1 Stick  = 2 grams,Rs. 310 / pk,https://cdn.shopify.com/s/files/1/0072/1872/4952/products/0000_0019_36_03124b87-e06c-44ba-851f-9054074d09a4_900x.jpg?v=1651224533,,,,
2,"Tasty Irani Chai Tea Tin,         75g",1. Good for heart 2. Lowers cholesterol 3. Prevents nausea 4. Clears common cold 5. Aids digestion 6. Protects liver 7. Boosts immune system 8. Good for oral health 9. Good for skin.,"Ceylon Black Tea, Cardamom, Cloves","Tea Tin, 75gms = 51 cups","Rs.1,170 / tin",https://cdn.shopify.com/s/files/1/0072/1872/4952/products/TastyIranichai_1000x.jpg?v=1597053268,,,,
3,Rare Silver Needle White Rose Tea Tin         75G,1. Packed with antioxidants 2. Good for skin and menopause 3. Liver health 4. Anti-anxiety properties 5. Reduces stress 6. Boosts immunity 7. Aids digestion 8. Promotes weight loss,"Organic White Silverneedle buds, French Pink Rose buds",75 gms = 99 cups,"Rs. 2,210 / tin",https://cdn.shopify.com/s/files/1/0072/1872/4952/products/RareSilverneedle_1000x.jpg?v=1597054123,,,,
4,Kashmir French Lavender Bud - Argent Flower Tea Tin                      100G,"Promotes relaxation, Aids digestion, Eases convulsions and spasms, Promotes mental wellbeing, Good for insomnia.",Whole Flowers,100 gms | 100 cups,"Rs.1,500 / tin",https://cdn.shopify.com/s/files/1/0072/1872/4952/products/DSC09884_1000x.jpg?v=1633928032,,,,
5,Darjeeling Organic Golden Needle buds  - Platine Loose Leaf Black Tea Tin              100G,"Ideal for detox, Weight loss, Packed with anti-oxidants, Improves liver health, Good for heart.",Whole leaves Black Tea,100 gms | 132 cups,"Rs. 3,450 / tin",https://cdn.shopify.com/s/files/1/0072/1872/4952/products/BT14_1000x.jpg?v=1581403555,,,,
6,"Taste of Darjeeling FTGFOP-1 ( Fine Tippy Golden Flowery Orange Pekoe, grade -1) First Flush- Loose Leaf Black Tea Tin          100G","Packed with anti-oxidants, Good for cholesterol, Cardiovascular health, Weight loss, Stress relief.",Whole leaves Black Tea,100 gms | 132 cups,"Rs. 2,700 / tin",https://cdn.shopify.com/s/files/1/0072/1872/4952/products/BT19_A_-2_1000x.jpg?v=1623664368,,,,
7,"Organic Pride Of Darjeeling FTGFOP 2nd Flush Black Loose Leaf Tea Tin, 100G","Ideal for detox and weight loss, Packed with anti-oxidants, Improves liver health, Good for heart, Stress relief, Cholesterol control.",Whole leaves Black Tea,100 gms= 132 cups.,"Rs. 1,800/ tin",https://cdn.shopify.com/s/files/1/0072/1872/4952/products/BT24_A_-2_800x.jpg?v=1623664582,,,,
8,"Assam Phalap Pu'er Tea Jar,        100G","Aids digestion, Packed with anti-oxidants, Cancer fighter, Promotes weight loss, Lowers cholesterol, Relieves stress.","Whole tea leaves rolled, dried & microbially fermented ",100 gms | 124 cups,"Rs. 1,400 / jar",https://cdn.shopify.com/s/files/1/0072/1872/4952/products/PT23_1000x.jpg?v=1581405826,,,,
9,Ayurveda Detox Tea Blend                          50G,"Promotes detoxification, Aids digestion, Improves immunity, Treats skin, Respiratory disorders, Lowers blood pressure, Cures menstrual disorders.","Coriander, Black Cumin, Fennel seeds","Tea Pouch, 50 gms = 25 cups",Rs. 720 / tin,https://cdn.shopify.com/s/files/1/0072/1872/4952/products/BLD63_1000x.png?v=1573888322,,,,
10,"Organic Darjeeling White Silver Needle buds - Platine Loose Tea Tin,     75G","Contains anti-oxidants, Regulates blood glucose, Promotes dental health, Aids digestion, Boosts immunity.",Whole leaves White Tea,75 gms | 57 cups,"Rs. 2,800 / tin",https://cdn.shopify.com/s/files/1/0072/1872/4952/products/WT02_1000x.jpg?v=1581416170,,,,
11,"Organic Deccan, 200G","Lowers cholesterol, Rich in anti-oxidants, Strengthens immune system, Aids weight loss.",South Indian Whole leave green tea,200 gms | 132 cups,"Rs.1,180 / tin",https://cdn.shopify.com/s/files/1/0072/1872/4952/products/GT40_dad3033f-2af6-4d5c-922a-07ae9f80c9c1_1000x.jpg?v=1612432748,,,,
12,Exotic Green Jasmine                       75G,1. Good for relaxation 2. Improves brain function 3. Dental health 4. Lowers diabetes 5. Rich in antioxidants 6. Improves cardiovascular health 7. Good for eyes.,"Jasmine Tea, Yellow Chrysanthemum petals, Chaoqing Green Tea","Tea Tin, 75 gms = 75 cups","Rs.1,180 / tin",https://cdn.shopify.com/s/files/1/0072/1872/4952/products/ExoticGreen_1000x.jpg?v=1597930954,,,,
13,White Lemongrass Romance                   50G,1. Packed with antioxidants 2. Removes toxins 3. Good for the nervous system 4. Eyes 5. Lowers cholesterol 6. Promotes detoxification 7. Possesses anti-anxiety 8. Anti-aging properties.,"Organic White Bai Mudan leaves, Jammu Lemongrass, Yellow Chrysanthemum petals","Tea Tin, 50 gms = 50 cups","Rs.1,050 / tin",https://cdn.shopify.com/s/files/1/0072/1872/4952/products/WhiteLemongrass_1000x.jpg?v=1597920269,,,,
14,"Indian Tulsi Herbal Loose Leaf Tea Tin,           100G","Helps fight acne, Controls diabetes, Balances hormones, Improves respiratory disorders, Dental health.",Whole leaves Herbal Tea,100 gms | 66 cups,"Rs.1,250 / tin",https://cdn.shopify.com/s/files/1/0072/1872/4952/products/HT09_41c1f264-75aa-4be3-a2a2-a0e2b97f5cf7_1000x.jpg?v=1581402915,,,,
15,Secret Spice                 100G,1.Good for motion sickness 2. Asthma 3. Menstrual discomfort 4. Relieves stress 5. Good for joints 6. Prevents sleep disorders,"Ashwagandha, Ginger, Star Anise",100gms = 50 cups,Rs. 950 / tin,https://cdn.shopify.com/s/files/1/0072/1872/4952/products/SecertSpice_1000x.jpg?v=1597053609,,,,
16,Indian Organic White Bai Mudan - Platine Loose Leaf Tea                       75 G,"Packed with anti-oxidants, Anti-aging properties, Good for skin, Weight loss, Anti-bacterial.",Whole leaves White Tea,75 gms | 75 cups,"Rs. 2,100 / tin",https://cdn.shopify.com/s/files/1/0072/1872/4952/products/WT04_1000x.jpg?v=1618036763,,,,
17,Tea Spa Tea Blend          50 G,"Prevents respiratory, Digestive issues, Bad breath, Boosts immune system, Aids weight loss, Reduces nausea, Detoxifies the body, Promotes relaxation, Anti-depressant.","French Lavender buds, Ginger mint and Peppermint
",50 gms = 50 cups,Rs. 550 / tin,https://cdn.shopify.com/s/files/1/0072/1872/4952/products/BLD08_1000x.png?v=1573886619,,,,
18,Indian Moringa Powder Herbal Tea Tin                      200G,"Loaded with anti-oxidants, It boosts energy levels, Builds bodys defence mechanism, Controls hormonal imbalance, Mood swings and aids digestion.",Whole leaves Herbal Tea,200 gms | 68 cups,"Rs. 1,100 / tin",https://cdn.shopify.com/s/files/1/0072/1872/4952/products/HT08_f9b0a2e5-f015-4475-8e5f-5f1c8135471a_1000x.jpg?v=1581415360,,,,
19,The Indian Treasure Tea Blend                      50G,"Good for heart, Stress relief, Weight loss, Relaxation, Lowers cholesterol.","Organic Pride of Darjeeling Black Tea FTGFOP- 1 First Flush- Platine , Saffron","Tea Pouch, 50 gms = 83 cups","Rs 4,200 / pouch",https://cdn.shopify.com/s/files/1/0072/1872/4952/products/BLD31_1000x.png?v=1573887512,,,,
20,Ayurveda Detox Tea Blend + Hustle Mini Tin                         15G,"Promotes detoxification, Aids digestion, Improves immunity, Treats skin, Respiratory disorders, Lowers blood pressure, Cures menstrual disorders. Don't throw away your tea after steeping it! One of the gretest advantage of drinking whole leaf tea is that each serving of leaves can be re-steeped many times.","Coriander, Fennel and Black Cumin",15 gms | 1 Mini Tin,Rs. 600 / tin,https://cdn.shopify.com/s/files/1/0072/1872/4952/products/Hustle_Hard-1_1000x.jpg?v=1575097041,,,,
21,Organic Pride of Darjeeling FTGFOP- 1 ( Fine Tippy Golden Flwery Orange Pekoe) First Flush- Platine Loose Leaf Black Tea Tin      100G,"Packed with anti-oxidants, Good for cholesterol, Cardiovascular health, Weight loss, Stress relief.",Whole leaves Black Tea,100 gms | 132 cups,"Rs. 2,800 / tin",https://cdn.shopify.com/s/files/1/0072/1872/4952/products/BT17_A_-2_1000x.jpg?v=1623663676,,,,
22,The Healer Tea Blend + Good Morning Gorgeous Tin                               15 G,"Packed with anti-oxidants, Improves brain function, Dental health, Promotes weight loss, Good for digestion, Improves energy levels, Regulates menstrual cycle.","Chaoqing Green Tea, Star Anise",15 gms | 1 Mini Tin,Rs. 600 / tin,https://cdn.shopify.com/s/files/1/0072/1872/4952/products/Good_Morning-1_1000x.jpg?v=1575095016,,,,
23,Ayurvedic Spell Tea Blend                         50 G,"Relieves depression, Enhances memory, Helps fight cancer, Relieves asthma, Improves blood flow, Prevents fatigue, Promotes longevity.","Gotukola, Rosemary leaves, Ginkgo Biloba",50 gms = 25 cups,Rs. 875 / tin,https://cdn.shopify.com/s/files/1/0072/1872/4952/products/BLD34_1000x.png?v=1573887600,,,,
24,Dreamy Saffron White                            25 G,1. Packed with antioxidants 2. Promotes weight loss 3. Carries anti-aging properties 4. Good for skin 5. Relaxant,"Organic White Silverneedle buds, Saffron",25 gms = 41 cups,"Rs.1,600 / tin",https://cdn.shopify.com/s/files/1/0072/1872/4952/products/DreamySaffron_1000x.jpg?v=1597920146,,,,
25,"Organic Gift of Darjeeling TGBOP-1 (Tippy Golden Broken Orange Pekoe) First Flush, Argent, Black Loose Leaf Tea Tin                   150 G","Packed with anti-oxidants, Good for cholesterol, Cardiovascular health, Weight loss, Stress relief.",Whole leaves Black Tea,150 gms | 150 cups,"Rs. 2,600 / tin",https://cdn.shopify.com/s/files/1/0072/1872/4952/products/BT18_B_-1_1000x.jpg?v=1623664293,,,,
26,Holy Potion Tea Blend                            50 G,"Detoxifies the body, Prevents respiratory disorders, Improves oral and dental health, Good for the eyes, Bone strength, Skin care, Regulates blood sugar levels, Aids weight loss, Boosts immune system.","Holy Basil, Sage, Cinnamon
",50 gms | 34 cups,Rs. 750,https://cdn.shopify.com/s/files/1/0072/1872/4952/products/BLD10_1000x.png?v=1573886766,,,,
27,Indian Organic White Bai Mudan - Argent Loose Leaf Tea Pouch            75 G,"Good for relaxation, Skin care, Anti-aging, Blood pressure, packed with anti-oxidants & immune system.",Whole leaves White Tea,75 gms | 57 cups,"Rs.1,700 / pouch",https://cdn.shopify.com/s/files/1/0072/1872/4952/products/WT12_1000x.jpg?v=1618036996,,,,
28,The Prestige Iced Tea Tin                 30 pcs,"Good relaxant, Carries anti-oxidants, Anti-stress and anti-aging properties, Controls diabetes, Promotes weight loss, Prevents digestive issues, Sleep disorders, Detoxifies body.","Organic White Silverneedle, Kashmiri Saffron & Saffron Sugar",30 pcs | 30 cups,"Rs. 5,400 / tin",https://cdn.shopify.com/s/files/1/0072/1872/4952/products/IC-07-2_1000x.jpg?v=1640179877,,,,
29,Limited  Edition Darjeeling Moon Drop Designer Loose Tea Leaf Pouch     75 G,"Good for skin, Detox, Anti-aging, Immune system, Digestion.",Whole leaves Designer Tea,75 gms | 124 cups,"Rs. 2,800 / pouch",https://cdn.shopify.com/s/files/1/0072/1872/4952/products/DT04_75f1fc81-ab5e-48df-9905-efa8d8878ca5_1000x.jpg?v=1581416210,,,,
30,Indian Organic Moonlight Designer - Platine Loose Leaf Tea Pouch          100 G,"High in anti-oxidants, Fights stomach problems, common cold symptoms, promotes body fat loss, Rejuvenates mind and body.",Whole leaves Designer Tea,100 gms | 166 cups,"Rs. 4,100 / pouch",https://cdn.shopify.com/s/files/1/0072/1872/4952/products/DT01_4c730449-dd7a-4130-989b-8719e3db5b94_1000x.jpg?v=1581147918,,,,
31,Organic Soul of Darjeeling TGBOP  (Tippy Golden Broken Orange Pekoe) 2nd Flush Loose Leaf Black Tea Pouch          150G,"Ideal for detox, Weight loss, Packed with anti-oxidants, Improves liver health, Good for heart, Stress relief, cholesterol control.",Whole leaves Black Tea,150 gms | 150 cups,"Rs.1,500 / pouch",https://cdn.shopify.com/s/files/1/0072/1872/4952/products/BT25_B_-2_1000x.jpg?v=1623664886,,,,
32,Natural Spring Tea Tin                        30 pcs,"Packed with anti-oxidants, Removes toxins, Promotes relaxation, Prevents digestive issues, Detoxifies the body.","Organic White Bai Mudan Leaves, French Lavender Buds, French Lavender Leaves",30 pcs | 30 cups,"Rs. 2,300 / tin",https://cdn.shopify.com/s/files/1/0072/1872/4952/products/IC-01-2_1000x.jpg?v=1640179286,,,,
33,White Silver Needle Harmony                     50 G,1. Promotes relaxation 2. High in antioxidants 3. Controls diabetes 4. Promotes weight loss 5. Good for eyes 6. Replenishes fever 7. Prevents respiratory disorders 8. Natural stress buster,"Organic White Silverneedle buds, Yellow Chrysanthemum petals",50 gms = 50 cups,"Rs.1,450 / tin",https://cdn.shopify.com/s/files/1/0072/1872/4952/products/WhiteSilverneedle_1000x.jpg?v=1597920326,,,,
34,Chamomile Lavender Jazz              50G,1. Packed with anti-oxidants 2. Removes toxins 3. Promotes relaxation 4. Digestive care 5. Detoxifies the body,"Yellow Chrysanthemum petals, German Chamomile, French Lavender buds","Tea Tin, 50 gms = 34 cups",Rs. 780 / tin,https://cdn.shopify.com/s/files/1/0072/1872/4952/products/ChamomileJazz_1000x.jpg?v=1597054662,,,,
35,Organic Chamomile Flower Tea        100G,"Induces sleep, Relaxation, Good for skin and eyes, Aids digestion, Relieves stress.",Whole Flowers,100 gms | 50 cups,Rs. 1170 / tin,https://cdn.shopify.com/s/files/1/0072/1872/4952/products/Chamomile_Tea_1000x.jpg?v=1623055865,,,,
36,Natural Moringa Cleanse                         50G,1. Rich in antioxidants 2. Good for joints 3. Prevents sleep disorders 4. Aids weight loss 5. Boosts immune system 6. Lowers cholesterol 7. Promotes detoxification 8. Controls mood swings.,"Moringa, Star Anise, Cinnamon, Lemongrass","Tea Tin, 50 gms = 34 cups",Rs. 600 / tin,https://cdn.shopify.com/s/files/1/0072/1872/4952/products/Moringa_1000x.jpg?v=1597920209,,,,
37,Sweet Chamomile Escape                       50G,1. Helps fight anxiety 2. Depression 3. Cures insomnia 4. Aids skin disorders 5. Improves memory 6. Relieves stress 7. Boosts immunity 8. Good for eyes,"German Chamomile, Yellow Chrysanthemum petals, Blue Corn petals, Rosemary","Tea Tin, 50 gms = 34 cups",Rs. 650 / tin,https://cdn.shopify.com/s/files/1/0072/1872/4952/products/SweetChamomile_1000x.jpg?v=1597054047,,,,
38,Soothsayer's Chant Tea Blend,"Good for nervous system, Lowers cholesterol, Good for digestion, Prevents insomnia, Anti-depression, Aids skin, Stomach disorders, Promotes relaxation.","Organic German Chamomile, Lemongrass, Mint","Tea Pouch, 50 gms = 34 cups",Rs. 750 / tin,https://cdn.shopify.com/s/files/1/0072/1872/4952/products/BLD37_1000x.png?v=1573887685,,,,
39,Moroccan Mint              100G,1. Good for the immune system 2. Hormonal imbalances 3. Memory 4. Nausea 5. Muscle pain 6. Detoxifying the body 7. Respiratory issues 8. Bad breath 9. Weight loss.,"Spearmint, Gingermint, Peppermint","Tea Pouch, 100 gms = 100 Cups",Rs. 780 / tin,https://cdn.shopify.com/s/files/1/0072/1872/4952/products/Morrocanmint_1000x.jpg?v=1597919785,,,,
40,"Indian Peppermint Herbal Loose Leaf Tea Tin,               100G","Improves digestion, Cures bad breath, Aids weight loss, Eliminates inflammation, Balances sleep patterns.",Whole leaves Herbal Tea,100 gms | 100 cups,"Rs.1,370 / tin",https://cdn.shopify.com/s/files/1/0072/1872/4952/products/HT06_cdd89411-a7fe-4c00-9438-9c262dcc8dd3_1000x.jpg?v=1581402878,,,,
41,Vibrant Hibiscus          100G,1. Rich in antioxidants 2. Packed with Vitamin C 3. Good for joints 4. Aids digestion 5. Protects liver 6. Lowers blood pressure 7. Cholesterol.,"Star Anise, Hibiscus, Cloves",100gms = 100cups,Rs. 910 / tin,https://cdn.shopify.com/s/files/1/0072/1872/4952/products/VibrantHibiscus_1000x.jpg?v=1597054250,,,,
42,Garden Mint and Rose Tea Tin                  50g,1. Improves digestion 2. Boosts respiratory health 3. Relieves stress 4. Improves immunity 5. Aids motion sickness 6. Good for menopause.,"Mint Leaves, French Pink Rose petals",50 gms = 34 cups,Rs. 800 /  tin,https://cdn.shopify.com/s/files/1/0072/1872/4952/products/Gardenmontnrose_1000x.jpg?v=1597919707,,,,
43,Lemongrassy Hibiscus Tea Tin         75G,1. Good for the nervous system 2. Cholesterol control 3. Detoxification 4. Blood pressure 5. Blood-sugar levels 6. Packed with vitamin C 7. Carries anti-cancer properties 8. Aids weight loss 9. Boosts immune system.,"Hibiscus, Organic Lemongrass, Cinnamon",75 gms = 37 cups,Rs. 910 /  tin,https://cdn.shopify.com/s/files/1/0072/1872/4952/products/Hibiscus_1000x.jpg?v=1597919921,,,,
44,Green Tea Stick (Pack of 99 individually wrapped tea stick),"Slimming, high in anti-oxidant (anti-aging), helps overall immune system.",Whole Leaves Green Tea,1 Stick  = 2 grams,"Rs. 3,000 / pk",https://cdn.shopify.com/s/files/1/0072/1872/4952/products/Tea_Stick_2_0ed7deca-4fdd-491b-a8fe-8f793a1f57f7_1000x.jpg?v=1582618287,,,,
45,Citrusy & Spicy Nettle Remedy Tea Tin                        50g,"1. High in anti-oxidants 2.Rich in Vitamin C, 3. Promotes anti-aging 4. Good for weight loss, Anti-aging, Detox, Cholesterol control, Dental health, Lowering blood pressure.","Nettle leaves, Orange Peel, Cinnamon, Dry Ginger",50 gms = 25 cups,Rs. 600 / tin,https://cdn.shopify.com/s/files/1/0072/1872/4952/products/Nettle_1000x.jpg?v=1597919628,,,,
46,Three Mini Around The World Green Teas                           3 x 25g,"Controls cholesterol, Tooth decay, Good for the heart, Fights nausea, Aids weight loss, Anti-oxidant, Anti-aging, Anti-bacterial.","Chinese Yunnan Loose Leaf Tea, Indian Doors Leaf , Japanese Sencha Loose Leaf Green Teas",25g x 3 Teas,Rs.1050 / tin,https://cdn.shopify.com/s/files/1/0072/1872/4952/products/Green_Tea_Contrywise_1000x.jpg?v=1580892607,,,,
47,White Silver Needle Buds                    50g,"Packed with anti-oxidants, Boosts immunity, Weight loss, Relaxation, Aids digestion.",Whole leaves White Tea,50 gms | 50 cups,"Rs.1,200 / tin",https://cdn.shopify.com/s/files/1/0072/1872/4952/products/WT01_1000x.jpg?v=1618036637,,,,
48,Men in Black Tea Blend Tea Tin     100 G,"Good for heart, Oral and bone health, Blood circulation, Removes bodys toxins, Lowers cholesterol, Aids digestion, Aids weight loss, Boosts energy.","Organic Ceylon Black Tea, Kunming Black Tea, Organic Darjeeling Black Tea",100 gms = 100 cups,"Rs. 2,000 / tin",https://cdn.shopify.com/s/files/1/0072/1872/4952/products/BLD84_1000x.png?v=1573888679,,,,
49,Olive Branch Tea Blend Tea Tin      50 G,"Aids cardiovascular health, Brain function, Prevents nausea, Relieves motion sickness, Stomach disorders, Good for skin, Hair and detox, Prevents insomnia.","Olive leaves, Lemongrass, French Lavender leaves, Mint",50 gms = 68 cups,Rs. 375 / tin,https://cdn.shopify.com/s/files/1/0072/1872/4952/products/BLD46_1000x.png?v=1573887920,,,,
50,"The Floral Secret Blooming Tea, 10pcs","Marigold is also known for its healing properties.Good for eyes, Skin care, Immune system, Promotes relaxation, Relieves stress.",Lily & Marigold tied to tender loose leaf green tea leaves l,10 pcs | 30 cups,"Rs.1,600 / tin",https://cdn.shopify.com/s/files/1/0072/1872/4952/products/TBL_19_1000x.jpg?v=1615446923,,,,
51,Angelic Lavender Breeze Tea Tin  50G,1. Promotes relaxation 2. Prevents digestive issues 3. Detoxifies the body 4. Good for the nervous system 5. Lowers cholesterol 6. Prevents insomnia 7. Improves memory.,"Lemongrass, Rosemary, French Lavender",50gms = 34 cups,Rs. 650 / tin,https://cdn.shopify.com/s/files/1/0072/1872/4952/products/LavenderBrezze_1000x.jpg?v=1597053307,,,,
52,The Jasmine Bouquet Blooming Tea                     10pcs,"The breathtaking fragrances and flavours of Jasmine and Lily are known for their healing and uplifting properties Aids weight loss, Packed with anti-oxidants, Promotes relaxation, Good for heart, Relieves stress.",1 lily + 8 jasmine tied to whole tea leaves,10 pcs | 30 cups,"Rs.1,600 / tin",https://cdn.shopify.com/s/files/1/0072/1872/4952/products/TBL_05_1000x.jpg?v=1615446125,,,,
53,Loved Forever                2x 25g,"Packed with anti-oxidants, Lowers cholesterol, Enhances mood, Relieves stress, Boosts immunity has calming effect.","(25g Jasmine Argent Tea, 25g Organic Jasmine Black Tea, 1 Spiritual Fantasy CandleÂ , 300ml Mug)",Tea Care Packages,"Rs. 3,300 / box",https://cdn.shopify.com/s/files/1/0072/1872/4952/products/6_fd893d9d-2cc3-47f0-b98f-4646639ee8f0_1000x.jpg?v=1581594562,,,,
54,Darjeeling Oolong Tea                        75G,"Helps Manage Stress,  Loose Weight, Prevent Diabetes, Improve Heart Health, Improve Brain Function, Protect Against Certain Cancers,  Promotes Tooth and Bone Strength, Lower Cholesterol",Whole leaves Oolong Tea,75 gms = 74 cups,"Rs.1,500 / tin",https://cdn.shopify.com/s/files/1/0072/1872/4952/products/OT11_1000x.jpg?v=1617856663,,,,
55,Organic Jasmine White TeaÂ                      75G,"Packed with anti-oxidants, lowers cholesterol, Enhances mood, Relieves stress, Boosts immunity has calming effect.",Whole leaves Jasmine Tea,75 gms | 75 cups,"Rs.1,550 / tin",https://cdn.shopify.com/s/files/1/0072/1872/4952/products/DSC09886_1000x.jpg?v=1633932797,,,,
56,Goodnight Kiss Loose Leaf Tea Blend Tin              200G,"Prevents sleep disorders, Good for joints, Eases heart burn, Prevents sleep disorders, Relaxant.","Valerian Root, Star Anise, Licorice Root",200 gms | 100 cups,"Rs. 2,150 / tin",https://cdn.shopify.com/s/files/1/0072/1872/4952/products/BLD71_1000x.jpg?v=1581404473,,,,
57,Rosy Duet Tea Blend Pouch               150G,"menopause, Promotes liver health, Carries anti-anxiety, Anti-aging properties, Improves memory, Helps fight cancer.","Bulgarian Red Rose Petals, Rosemary Leaves",150 gms | 102 cups,"Rs.2,000 / pouch",https://cdn.shopify.com/s/files/1/0072/1872/4952/products/BLD39_1000x.jpg?v=1581149281,,,,
58,Jasmine Tea                  100G,"Packed with anti-oxidants, Lowers cholesterol, Enhances mood, Relieves stress, Boosts immunity has calming effect.",Whole leaves Jasmine Tea,100 gms | 100 cups,"Rs.1,200 / tin",https://cdn.shopify.com/s/files/1/0072/1872/4952/products/DSC09880_1000x.jpg?v=1633932611,,,,
59,Dooars             200G,"Packed with anti-oxidants, Good for weight loss, Anti-aging, Detox, Cholesterol control, Dental health, Lowering blood pressure.",Whole leave green tea,200 gms | 200 cups,"Rs.1,200 / tin",https://cdn.shopify.com/s/files/1/0072/1872/4952/products/GT41_16072c49-df12-4b5f-b524-25c1ae2dbd03_1000x.jpg?v=1612432871,,,,
60,Sri Lankan Orange Pekoe 1 Ceylon Spring Loose Leaf Black Tea Tin   150G,"Packed with anti-oxidants, Good for cholesterol, Heart health, Weight loss, Stress relief.",Whole leaves Black Tea,150 gms | 99 cups,"Rs. 1,400 / tin",https://cdn.shopify.com/s/files/1/0072/1872/4952/products/BT12_1000x.jpg?v=1581403303,,,,
61,Tea Temptations  Tea Care Package   2 x 25g,"Packed with anti-oxidants, Good for weight loss, Anti-aging, Detox, Cholesterol control, Lowering blood pressure, Purifies blood, Relieves stress, Has a calming effect on mind and body, Boosts immunity","25G Anji White Green Tea, 25G Dooars Green Tea, (300ml Double Walled Glass Tea Infuser","25g x 2 Teas, 1Tea infuser Care","Rs. 2,100 / pk",https://cdn.shopify.com/s/files/1/0072/1872/4952/products/17_c827033a-2f7a-4eed-8fbb-1a3fc7eb8e81_1000x.jpg?v=1581674597,,,,
62,Three Mini Around The World Black Teas                       3 x 25g,"Good for cholesterol, Cardiovascular health, Stress relief, Boosts weight loss, Ideal for detox and weight loss, Packed with anti-oxidants, Improves liver health,","25g  Ceylon Black Tea, 25g Organic Darjeeling 2nd  Flush Black Tea, 25g Chinese Yunnan Black Tea, known as Mocha of tea",25g x 3 Teas,"Rs.1,000 / pk",https://cdn.shopify.com/s/files/1/0072/1872/4952/products/BT01_08_25_A_1000x.jpg?v=1581499046,,,,
63,Bombay Spiced Chai Tea Tin                100G,"Good for menopause, Promotes liver health, Carries anti-anxiety, Anti-aging properties, Improves memory, Helps fight cancer.","Star Anise, Cloves, Cardamom, Cinnamon",100 gms = 100 Cups,Rs. 910 / tin,https://cdn.shopify.com/s/files/1/0072/1872/4952/products/Bombayspicedtea_1000x.jpg?v=1609227854,,,,
64,"Infinity Pool Loose Leaf Tea Blend Tin, 150G","Reduces bad cholesterol, Good for blood pressure, Aids digestive system, Powers the immune system, Protects liver, Works as an anti-depressant, Aids weight loss, Promotes skin care.","Hibiscus, Orange Peel, Rosehip",150 gms | 75 cups,"Rs. 2,000 / tin",https://cdn.shopify.com/s/files/1/0072/1872/4952/products/BLD57_1000x.jpg?v=1609227545,,,,
65,Three Mini Around the World Oolong Teas               3x25g,"May Help Manage Stress, Loose Weight, Prevent Diabetes, Improve Heart Health and Brain Function, Lower Cholesterol, Promotes Tooth and Bone Strength
","25g  Darjeeling Oolong Loose Leaf,  25g  Chinese Tie Guan Yin Oolong Spring- Argent Loose Leaf, 25g Classic Taiwanese Argent Loose Leaf Oolong Tea",25g x 3 Teas,"Rs.1,400 / pk",https://cdn.shopify.com/s/files/1/0072/1872/4952/products/OT01_06_11_1000x.jpg?v=1580902608,,,,
66,Assamese Organic Smoky                150g,"Good for lungs, Clears chest congestion, Controls cholesterol levels, Promotes cardiovascular health, Packed with anti-oxidants.",Whole leave green tea,150 gms | 150 cups,"Rs.1,300 / tin",https://cdn.shopify.com/s/files/1/0072/1872/4952/products/GT39_7c523ca8-20dc-4423-a892-f97ea260deb5_1000x.jpg?v=1612432580,,,,
67,Sri Lankan Organic Orange Pekoe Loose Leaf Black Tea Tin             100G,"Packed with anti-oxidants, Good for cholesterol, Heart health, Weight loss, Stress relief.",Whole leaves Black Tea,100 gms | 66 cups,"Rs.1,300 / tin",https://cdn.shopify.com/s/files/1/0072/1872/4952/products/BT09_1000x.jpg?v=1581416346,,,,
68,Vibrant As You Gift Box                             ,"Has anti-oxidant, Anti-aging properties, Improves cholesterol, Weight loss, Reduces hypertensionPacked with anti-oxidants, Lowers cholesterol, Enhances mood, Relieves stress, Boosts immunity has calming effect.","15g Organic Red Rooibos Loose Leaf Herbal Tea, 15g Chinese Jasmine Argent Tea, 15g Tasty Irani Chai, 1pc (350 ml) Bone China Tea & Coffee Mug with Infuser & Lid",3x15g Teas,"Rs. 2,600 / pk",https://cdn.shopify.com/s/files/1/0072/1872/4952/products/Box_18_1000x.jpg?v=1617893708,,,,
69,Symphony In Every Sip,"Purifies blood, Relieves stress, Has a calming effect on mind and body, Promotes anti-aging, Good for heart, Boosts immunity , good for weight loss, Anti-aging, Detox, Cholesterol control, Lowering blood pressure.","25g of Dooars Green Tea, 25g of Anji White Green Tea,1 Spiritual Fantasy Candle, 1Bone China Blue Marble Finish Mug",,"Rs. 2,800 / pk",https://cdn.shopify.com/s/files/1/0072/1872/4952/products/15_a11a5964-da89-4447-8316-7d4c1045fa2c_800x.jpg?v=1581681292,,,"1 piece of our Symphony in Every Sip, Bone China Blue Marble Finish Mug (300ml) - (MU12)","1 piece of our Symphony in Every Sip, Bone China Blue Marble Finish Mug (300ml) - (MU12)"
70,Nanis(Grandmas )Herbal Chai                    100G,1. Rich in antioxidants 2. Good for cough and cold 3. Good for joints 4. Good for nervous system 5. Prevents sleep disorders 6. Aids digestion 7. Boosts energy 8. Promotes detoxification 9. Weight loss.,"Black Ginger, Long Pepper, Clove, Star Anise, Lemongrass","Tea Tin, 100 gms = 76 Cups","Rs.1,550 / tin",https://cdn.shopify.com/s/files/1/0072/1872/4952/products/Nani_sSpecial_1000x.jpg?v=1609228651,,,,
71,Blooming Love  Tea   10 pcs,"Good for immune system, Cardiovascular health, Digestion, Cholesterol control, Packed with anti-oxidants.",Each bloom is made of 1 Gomphrena Globosa +2 Camellia tied to tender green tea leaves,10 pcs | 30 cups,"Rs.1,550 / tin",https://cdn.shopify.com/s/files/1/0072/1872/4952/products/TBL_17_1000x.jpg?v=1615446821,,,,
72,"Sri Lankan Orange Pekoe 1 Ceylon Spring Loose Leaf Black Tea Tin, 150G","Packed with anti-oxidants, Good for cholesterol, Heart health, Weight loss, Stress relief.",Whole leaves Black Tea,150 gms | 99 cups,"Rs. 1,100 / tin",https://cdn.shopify.com/s/files/1/0072/1872/4952/products/BT12_1000x.jpg?v=1581403303,,,,
73,Heritage Spice               75G,1. Promotes detoxification 2. Relieves stress 3. Fights against diabetes 4. Reduces arthritis 5. Asthma 6. Good for motion sickness 7. Menstrual discomfort 8. Aids kidney function 9. Treats stomach disorders.,"Ashwagandha, Nettles Root, Ginger","Tea Tin, 75gms = 37 cups",Rs. 780 / tin,https://cdn.shopify.com/s/files/1/0072/1872/4952/products/HeritageSpice_1000x.jpg?v=1597054028,,,,
74,"Flowering Glories Blooming Tea, 10 pcs","Trumpet Flower is known to be a symbol of gratitude. Good for digestion, Lowers cholesterol level, Improves vision, Prevents bronchitis and hypertension.",1 globeflower +2 trumpet flower petals tied to tender green tea leaves,10 pcs | 30 cups,"Rs.1,570 / tin",https://cdn.shopify.com/s/files/1/0072/1872/4952/products/TBL_13_1000x.jpg?v=1615446550,,,,
75,"Sri Lankan Ceylon Loose Leaf Black Tea Tin, 200G","Packed with anti-oxidants, Good for cholesterol, Heart health, Weight loss, Stress relief.",Whole leaves Black Tea,200 gms | 132 cups,"Rs.1,100 / tin",https://cdn.shopify.com/s/files/1/0072/1872/4952/products/BT11_1000x.jpg?v=1581403231,,,,
76,Gut Feeling Tea Blend                           50G,"Relieves stomach disorders, Good for skin, Balances hormones, Prevents respiratory disorders, Enhances the immune system, Purifies blood.","Indian Holy Basil (Tulsi), Bulgarian Red Rose Petals, Parsley","Tea Pouch, 50 gms = 34 cups",Rs.720 / tin,https://cdn.shopify.com/s/files/1/0072/1872/4952/products/BLD81_1000x.png?v=1573888644,,,,
77,"Darjeeling FTGFOP 1 (Fine Tippy Golden Flowery Orange Pekoe, Grade-1) Loose Leaf Black Tea Tin, 200G","Packed with anti-oxidants, Good for cholesterol, Heart health, Weight loss, Stress relief.",Whole leaves Black Tea,200 gms | 132 cups,"Rs.1,400 / tin",https://cdn.shopify.com/s/files/1/0072/1872/4952/products/BT15_1000x.jpg?v=1623663405,,,,
78,Two Mini Famous Sri Lankan Black Teas                       2 x 25g,"Anti-oxidant, Good for cholesterol, Heart health, Weight loss, Stress relief","25g  Sri Lankan Ceylon Black Tea, 25g  Sri Lankan Organic Orange Pekoe Ceylon Black Tea",25g x 2 Teas,Rs. 800 / tin,https://cdn.shopify.com/s/files/1/0072/1872/4952/products/BT08_BT09_1000x.jpg?v=1581499582,,,,
79,All-Season Tea Blend                          50 G,"Controls hormonal imbalance, Mood swings, Aids digestion, Good for nervous system, Lowers cholesterol, Promotes detoxification, Prevents insomnia, Reduces arthritis, Fights against cancer, Fights against diabetes.","Organic Moringa, Lemongrass, Ashwagandha, Dry Ginger",50 gms = 25 cups,Rs. 715 / tin,https://cdn.shopify.com/s/files/1/0072/1872/4952/products/BLD106_1000x.png?v=1573889016,,,,
80,Spice It Up               100G,1. Rich in antioxidants 2. Regulates blood sugar levels 3. Aids weight loss 4. Boosts immune system 5. Clears cough and common cold 6. Fights against cancer,"Star Anise, Cloves, Black Pepper, Cardamom, Cinnamon",100gms = 76 cups,"Rs.1,050 / tin",https://cdn.shopify.com/s/files/1/0072/1872/4952/products/Spiceitup_1000x.jpg?v=1597053361,,,,
81,The Healer Loose Tea Leaf Blend Pouch              150G,"Packed with anti-oxidants, Improves brain function, Dental health, Promotes weight loss, Good for digestion, Improves energy levels, Regulates menstrual cycle.","Chaoqing Green Tea, Star Anise",150 gms | 150 cups,"Rs. 2,000 / tin",https://cdn.shopify.com/s/files/1/0072/1872/4952/products/BLD33_1000x.jpg?v=1609228044,,,,
82,Sweet Green Getaway                    75G,1. Packed with antioxidants 2. Improves brain function 3. Dental health 4. Lowers type 2 diabetes 5. Replenishes fever 6. Prevents respiratory disorders 7. Good for eyes 8. Is a natural stress buster.,Chaoqing Green Tea and Yellow Chrysanthemum petals,75 gms = 75 cups,Rs. 950 / tin,https://cdn.shopify.com/s/files/1/0072/1872/4952/products/SweetGreenGetaway_1000x.jpg?v=1597920441,,,,
83,From Now To Forever,"Packed with anti-oxidants, Good for cholesterol, Heart health, Weight loss, Stress relief.","50G Rosemary & Bulgarian Rose Duet Tea Blend, 1 candle, 1 Mug",Gift Box,"Rs. 3,400 / box",https://cdn.shopify.com/s/files/1/0072/1872/4952/products/Box1_1_1000x.jpg?v=1611810793,,,,
84,Two Mini Mood Uplifting Jasmine Teas                       2 x 25g,"Packed with anti-oxidants, Lowers cholesterol, Enhances mood, Relieves stress, Boosts immunity has calming effect.","25g Indian Organic Jasmine Black Tea with Darjeeling Black Tea, 25g  Chinese Jasmine Argent Tea",25g x 2 Teas,"Rs.1,000 / pk",https://cdn.shopify.com/s/files/1/0072/1872/4952/products/JT06_02_1000x.jpg?v=1581505327,,,,
85,Dance Of Spices       75G,1. Rich in antioxidants 2. Prevents sleep disorders 3. Aids weight loss 4. Boosts immune system 5. Improves heart functions 6. Clears common cold,"Star Anise, Cardamom, Cinnamon",75 gms = 37 cups,Rs. 800 / tin,https://cdn.shopify.com/s/files/1/0072/1872/4952/products/DanceOfSpice_1000x.jpg?v=1597053397,,,,
86,"Darjeeling Classic, 75G",May Help Manage Stress May Help You Loose Weight May Help Prevent Diabetes May Improve Heart Health May Improve Brain Function May Protect Against Certain Cancers Promotes Tooth and Bone Strength May Help Lower Cholesterol,Whole leaves Oolong Tea,75 gms = 100 cups,"Rs. 2,800 / tin",https://cdn.shopify.com/s/files/1/0072/1872/4952/products/OT12-1_1000x.jpg?v=1617856752,,,,
87,"You Are My Sunshine Gift Set,   3 x 25g","Packed with anti-oxidants, Lowers cholesterol, Enhances mood, Relieves stress, Boosts immunity has calming effect.","25g Organic Jasmine Darjeeling Black Tea, 25g Jasmine Argent Tea, 25g Santa Jasmine Tea",25g x 3 Teas,"Rs.1,700 / pk",https://cdn.shopify.com/s/files/1/0072/1872/4952/products/DSC01983-01_1000x.jpg?v=1585738324,,,,
88,Three Mini White Silver Needle Bud Teas                       3 x 15g," Boosts immunity, Weight loss, Relaxation, Aids digestion.Packed with anti-oxidants","15g Darjeeling Platine, 15g Fujian Small Bud, 15g Fujian Big Bud",15g x 3 Teas,"Rs.1,850 / tin",https://cdn.shopify.com/s/files/1/0072/1872/4952/products/WT02_08_A_08_B_1000x.jpg?v=1581498554,,,,
89,Girl's Best Friend Tea Blend          100G,"Improves memory, Liver health, Nervous system, Promotes detoxification, Prevents insomnia, Good for skin, Menopause, Digestion.","French Pink Rose petals , Lemongrass, Rosemary leaves,",50 gms = 34 cups,Rs. 750 / pouch,https://cdn.shopify.com/s/files/1/0072/1872/4952/products/BLD36_1000x.png?v=1573887657,,,,
90,Black Rose Love          75G,"1. Good for cardiovascular 2. Oral, bone and skin health 3. Anti-aging 4. Blood circulation 5. Menopause 6. Liver health 7. Carries anti-anxiety properties.","Organic Golden Needle buds, French Pink Rose buds",75 gms | 99 cups,"Rs. 2,000 / pouch",https://cdn.shopify.com/s/files/1/0072/1872/4952/products/BlackRoseLove_1000x.jpg?v=1597054161,,,,
91,Love at First Sight Loose Leaf Tea Blend Tin             75 G,"Good relaxant, Carries anti-oxidants, Anti-stress, Anti-aging properties, Controls diabetes, Promotes weight loss, Prevents digestive issues, Sleep disorders, Detoxifies body.","Organic White Silver Needle buds, French Lavender buds",75 gms | 99 cups,"Rs. 2,000 / tin",https://cdn.shopify.com/s/files/1/0072/1872/4952/products/BLD17_1000x.jpg?v=1581404088,,,,
92,"Two Mini Relaxing Jasmine Teas,            2 x 25g",Mood lifting,"25g INDIAN ORGANIC Tea,  25g CHINESE SANHUA Tea",25g x 2 Teas,"Rs. 1,000 / tin",https://cdn.shopify.com/s/files/1/0072/1872/4952/products/JT06_03_1000x.jpg?v=1581505803,,,,
93,Jasmine Tea - Argent + Stay Beautiful Tin                    15G,"Packed with anti-oxidants, Lowers cholesterol, Enhances mood, Relieves stress, Boosts immunity has calming effect",Jasmine Tea - Argent,15 gms | 1 Mini Tin,Rs. 600 / tin,https://cdn.shopify.com/s/files/1/0072/1872/4952/products/Stay_Beautiful-2_1000x.jpg?v=1575093980,,,,
94,Rosy Star Tisane         75G,1. Promotes detoxification 2. Relieves stress 3. Fights against diabetes 4. Reduces arthritis 5. Asthma 6. Good for motion sickness 7. Menstrual discomfort 8. Aids kidney function 9. Treats stomach disorders.,"Ashwagandha, Nettles Root, Ginger",75 gms = 57 Cups,"Rs.1,300 / tin",https://cdn.shopify.com/s/files/1/0072/1872/4952/products/Rosystar_1000x.jpg?v=1609227309,,,,
95,The Rare Green Rooibos Herbal Tea   200G,"Packed with anti-oxidants, Anti-aging properties, Improves cholesterol, Weight loss, Reduces hypertension.","A rare herbal tea, grown only in Western Cape Province in South Africa.",200 gms | 152 cups,"Rs. 2,500 / tin",https://cdn.shopify.com/s/files/1/0072/1872/4952/products/HT05_3_1000x.jpg?v=1630317142,,,,
96,Rosy Rooibos Glow Tea Blend                      200G,"Carries anti-aging, Anti-anxiety properties, Good for menopause, liver health, Hair and skin, Boosts immune system, Reduces hypertension, Improves cardio-vascular health.","Organic Rooibos, French Pink Rose petals, Bulgarian Red Rose petals",200 gms | 136 cups,"Rs.1,700 / tin",https://cdn.shopify.com/s/files/1/0072/1872/4952/products/BLD22_2_1000x.jpg?v=1630315919,,,,
97,"Contrast Bloom Blooming Tea, 10pcs","Marigold, Jasmine and Globe Amaranth flowers offer a soothing and aromatic experience. Good for digestion Good for Eyes, Relieves stress, Lowers cholesterol level, Packed with anti-oxidants.",1 marigold+ 1 jasmine + 1 Gomphrena globosa tied to make 1 bloom,10 pcs | 30 cups,"Rs.1, 600 / tin",https://cdn.shopify.com/s/files/1/0072/1872/4952/products/TBL_15_60bc559d-e273-41f0-a0c3-0b03b82f17eb_1000x.jpg?v=1615446681,,,,
98,"Bloom of Three Blooming Tea, 10pcs","Chrysanthemum, Jasmine and Lily flower petals intricately wrapped with fine green tea leaves and masterfully tied to make each bloom that  delicately caress your senses..Good for eyes, Good for Heart, Good for Immune system, Metabolism, Relaxation, Weight loss, Relieves stress.","Intricate blossoms of 1 chrysanthemum,   jasmine & lily petals",10 pcs | 30 cups,"Rs.1,600 / tin",https://cdn.shopify.com/s/files/1/0072/1872/4952/products/TBL_08_1000x.jpg?v=1615446272,,,,
99,"Treat for eyes Blooming Tea, 10pcs","1 Marigold, 1 Jasmine and Globe Amaranth flowers. delicately hand woven with care and masterfully tied together with tender green tea leaves to create a blooming tea that delights all your senses.Tea bloom when dropped in freshly boiled water, it â€œbloomsâ€",1 marigold + 1 Jasmine + gomphrena globosa,10 pcs | 30 cups,"Rs.1,600 / tin",https://cdn.shopify.com/s/files/1/0072/1872/4952/products/TBL_07_1000x.jpg?v=1615446238,,,,
100,"Sri Lankan Orange Pekoe OP1 ( first quality, fine grade) Ceylon Loose Leaf Black Tea Pouch     200G","Packed with anti-oxidants, Good for cholesterol, Heart health, Weight loss, Stress relief.",Whole leaves Black Tea,200 gms | 132 cups,"Rs. 1,300 / pouch",https://cdn.shopify.com/s/files/1/0072/1872/4952/products/BT10_1000x.jpg?v=1581335515,,,,
101,"Sri Lankan FBOPF EX SP ( Extra Special Flowery Broken Orange Pekoe) Ceylon loose Leaf Black Tea Tin, 100G","Good for cholesterol, Cardiovascular health, Stress relief, Boosts weight loss.",Whole leaves Black Tea,100 gms | 66 cups,"Rs.1,500 / tin",https://cdn.shopify.com/s/files/1/0072/1872/4952/products/BT06_1000x.jpg?v=1581329596,,,,
102,You Are A Blessing Gift Care Pack       3 x 25g,"Controls cholesterol, Tooth decay, Good for the heart, Digestion, high on anti-oxidants, Keeps bacteria, Viruses at bay, Aids weight loss.","25g Yunnan Green Tea, 25g Chinese Jasmine Tea, 25g Classic Taiwanese Oolong Tea, 350ml Mug, with Infuser & Lid",Tea Care Package   3 x 25g Tea tins,"Rs. 2,600 / pk",https://cdn.shopify.com/s/files/1/0072/1872/4952/products/Tea_Care_5_1000x.jpg?v=1626097812,,,,
103,Get Brewing Gift Box                              2 x 25g,"Anti-oxidant, Lowers cholesterol and blood pressure, Good for heart, dental health, Promotes detoxification and weight loss. ","300 ml Double Walled Glass Tea Infuser, 25g Simao Green Tea, 25 grams  Cloudy Fragrance Green Tea",Tea Care Package    2 x 25G Tea Tins,"Rs.2,500 / pk",https://cdn.shopify.com/s/files/1/0072/1872/4952/products/23_ba6dd048-e2c4-465b-9d04-1c172107983f_1000x.jpg?v=1581677076,,,,
104,Fit Tea Care Package                        2 x 25g,"Packed with anti-oxidant.Purifies blood, Relieves stress, Has a calming effect on mind and body, Promotes anti-aging, Packed with anti-oxidants, Good for heart, lungs, Clears chest congestion. Boosts immunity.","25g Organic Smoky Green Whole Leaf GreenTea, 25g Anji White Whole Leaf Green Tea, 320ml Mug,Â 1 Candle",Tea Care Package      2 x 25G Tea Tins,"Rs.3,400 / pk",https://cdn.shopify.com/s/files/1/0072/1872/4952/products/4_1cb10121-98d2-40bf-9aab-68f7943e3a6d_1000x.jpg?v=1581596391,,,,
105,Three Mini Most Aromatic Jasmine Teas                        3 x 25g,"Anti-oxidant, Lowers cholesterol, Enhances mood, Relieves stress, Boosts immunity has calming effect.","25g Chinese Sanhua  Argent Jasmine Tea, 25g  Chinese Jasmine Argent Tea, 25g  Indian Organic Jasmine Black Tea",25g x 3 Teas,"Rs.1,500 / pk",https://cdn.shopify.com/s/files/1/0072/1872/4952/products/JT06_02_03_1000x.jpg?v=1581504901,,,,
106,"Green Revolution Tea Blend Pouch, 150g","Packed with anti-oxidants, Aids weight loss, Improves brain function, Lowers cholesterol, Balances hormones, Prevents respiratory disorders, Good for digestion.","Green Tea, Indian Holy Basil, Organic Lemongrass",150 gms | 102 cups,"Rs.1,850 / pouch",https://cdn.shopify.com/s/files/1/0072/1872/4952/products/BLD80_1000x.jpg?v=1581149617,,,,
107,Root Therapy Tea Blend                        50G,"Improves sleep disorders and memory, Eases heart burn, Prevents stomach disorders, Promotes relaxation, lowers blood pressure.","Valerian Root, Licorice Root, Gingko Biloba",50 gms = 25 cups,"Rs.1,050 / tin",https://cdn.shopify.com/s/files/1/0072/1872/4952/products/BLD79_1000x.png?v=1573888569,,,,
108,Kiss Of Mint Loose Leaf Tea Blend pouch                 200G,"Improves brain function, Dental health, Aids weight loss, Prevents nausea, Relieves motion sickness, Good for skin, Hair, Digestion.","Chunmee Green Tea, Peppermint, Ginger mint",200 gms | 200 cups,"Rs. 2,100/ pouch",https://cdn.shopify.com/s/files/1/0072/1872/4952/products/BLD_64_1000x.jpg?v=1581336480,,,,
109,Organic Darjeeling TGBOP ( Tippy Golden Broken Orange Pekoe) 2nd Flush Loose Leaf Black Tea Tin      150G,"Good for heart health, Bones, Weight loss, Dental health, Packed with anti-oxidants.",Whole leaves Black Tea,150 gms | 150 cups,"Rs.1,500 / tin",https://cdn.shopify.com/s/files/1/0072/1872/4952/products/BT32-2_1000x.jpg?v=1623665152,,,,
110,Bulgarian Ink Rose Flower Tea            100 G,"Eases menstrual cramps, Rich source of Vitamin C, Prevents cardiovascular diseases and osteoporosis, Gives radiant skin and slows down aging, Promotes relaxation.",Whole Dried Rose Flowers,100 gms | 66 cups,"Rs. 2,400 / pouch",https://cdn.shopify.com/s/files/1/0072/1872/4952/products/FT04_1f30530f-e078-4ba0-8641-1c0b4b1ac8df_1000x.jpg?v=1581147050,,,,
111,Darjeeling AV2 (Ambari Vegetative) Clonal - Argent Loose Leaf Black Tea Tin                 100G,"Packed with anti-oxidants, Good for cholesterol Heart health, Weight loss, Stress relief.",Whole leaves Black Tea,100 gms | 100 cups,"Rs.1,500 / tin",https://cdn.shopify.com/s/files/1/0072/1872/4952/products/BT13-1_1000x.jpg?v=1624352928,,,,
112,You Are Special Gift Care Box                   100G Tea,"Good for weight loss, Anti-aging, Detox, Cholesterol control, Dental health, Lowering blood pressure, Anti-oxidant","(100gms Dooars Green Tea,Â 300ml Mug, 1 Candle)",Gift Box,"Rs. 3,800 / box",https://cdn.shopify.com/s/files/1/0072/1872/4952/products/Box8_1_1_1000x.jpg?v=1611810914,,,,
113,Organic Darjeeling TGBOP  ( Tippy Golden Broken Orange Pekoe) 1st Flush Loose Leaf Black Tea                         150G,"Good for heart health, Bones, Weight loss, Dental health, Packed with anti-oxidants.",Whole leaves Black Tea,150 gms | 150 cups,"Rs.1,500 / tin",https://cdn.shopify.com/s/files/1/0072/1872/4952/products/BT31-1_1000x.jpg?v=1624352958,,,,
114,"Lets Lift Iced Tea Tin, 30 pcs","Reduces bad cholesterol, Good for blood pressure, Aids digestive system, Powers the immune system, Protects liver, Works as an anti-depressant, Aids weight loss, Promotes skin care","Hibiscus, Orange Peel and Rosehip.",30 pcs | 30 cups,"Rs.1,500 / tin",https://cdn.shopify.com/s/files/1/0072/1872/4952/products/IC-04-2_1000x.jpg?v=1640179221,,,,
115,White Lavender Paradise                    50G,"Packed with anti-oxidants, Removes toxins, Promotes relaxation, Digestive care, Detoxifies the body.","Organic White Bai Mudan leaves, French Lavender buds, Lavender leaves",50 gms = 50 cups,"Rs. 1,300 / tin",https://cdn.shopify.com/s/files/1/0072/1872/4952/products/WhiteLavenderparadise_1000x.jpg?v=1597053196,,,,
116,Romantic Tea Care     2 x 25 g,"Packed with anti-oxidants, Lowers cholesterol, Enhances mood, Relieves stress, Boosts immunity has calming effect","25g Organic Jasmine Black Tea, 25 grams of our Jasmine Tea - Argent,Â 500ml Mug, 1 Candle",Tea Care Package      2 x 25G Teas,"Rs.3,500 / pk",https://cdn.shopify.com/s/files/1/0072/1872/4952/products/13_d6b45b84-6ca1-4dd9-94a0-d86e7b7db390_1000x.jpg?v=1581597782,,,,
117,Six Mini TDTâ€™s Oolong Teas            6 x 25 g,"Help Manage Stress, Weight Loss, Help Prevent Diabetes, Heart Health, Improve Brain Function, Protect Against Certain Cancers, Promote Tooth and Bone Strength, Lower Cholesterol","25g  Darjeeling Loose Leaf Oolong Tea, 25g of Taiwanese Premium Argent Loose Leaf Oolong Tea, 25g of Taiwanese Loose Leaf Oolong Tea, 25g of Chinese Tie Guan Yin  Autumn Loose Leaf Oolong Tea, 25g of Chinese Tie Guan Yin Spring Loose Leaf Oolong Tea, 25g of Chinese Tie Guan Yin Or Loose Leaf Oolong Tea",,"Rs. 3,700 / pk",https://cdn.shopify.com/s/files/1/0072/1872/4952/products/Set_6_Oolong_Tea_1000x.jpg?v=1580904284,,,,
118,Secret of Darjeeling FTGFOP ( Fine Tippy Golden Pekoe Orange Pekoe) 2nd Flush Black loose leaf Tea Tin                      100G,"Ideal for detox and weight loss, Packed with anti-oxidants, Improves liver health, Good for heart stress relief, Cholesterol control.",Whole leaves Black Tea,100 gms | 132 cups,"Rs. 2,000 / tin",https://cdn.shopify.com/s/files/1/0072/1872/4952/products/BT24_C_-2_29b1eafa-541b-4dc7-8391-5b5caca728e0_1000x.jpg?v=1623664742,,,,
119,Designer Rose Flower tea Cake 100 G,"Promotes metabolism, Improves skin, High in anti-oxidants, Recommended for women.",Whole leaves Designer Tea,100 gms | 100 cups,"Rs. 2,000 / cake",https://cdn.shopify.com/s/files/1/0072/1872/4952/products/DT-06_1000x.jpg?v=1563011809,,,,
120,"Un bouquet de Jasmine, 100 G","Promotes weight loss, Good for heart, Packed with anti-oxidants, Anti-aging properties, Boosts cardio vascular health, Enhances mood","Organic Designer Peridot Tea, natural Jasmine flavour",100 gms | 132 cups,"Rs. 4,000 / tin",https://cdn.shopify.com/s/files/1/0072/1872/4952/products/DT03_962a173a-ef05-4995-8148-56d8be0174c9_1000x.jpg?v=1581329526,,,,
121,Chinese Fujian White Moon Cake Tea                       75 G,"Packed with anti-oxidants, Anti-aging properties, Good for skin and weight loss, Anti-bacterial.",Whole leaves White Tea,75 gms | 56 cups,"Rs. 2,250 / cake",https://cdn.shopify.com/s/files/1/0072/1872/4952/products/WT05_1000x.jpg?v=1609408128,,,,
122,Jasmine Amaranth affair Blooming Tea 10 pcs,"Fine green, blooming tea with leaves intricately wrapped around 4 Jasmine and 1 Globe Amaranth flowers. When the tea bloom is dropped in freshly boiled water, it â€œbloomsâ€",Each flower is made of 4 jasmines + 1 Gomphrena Globosa tied with whole green tea leaves,10 pcs | 30 cups,"Rs. 2,600 / tin",https://cdn.shopify.com/s/files/1/0072/1872/4952/products/TBL_16_1000x.jpg?v=1615446752,,,,
123,Tibet Black Tea  250 G,"Promotes well-being of gastro-intestinal tract, Reduces fat and bad cholesterol, Promotes weight loss, Reduces hypertension, Rejuvenates skin.",Whole leaves Black Tea,1 pcs | 417 Cups,"Rs.1,800 / tin",https://cdn.shopify.com/s/files/1/0072/1872/4952/products/BT05_43a6e981-9ce3-40b2-9bcb-0aad10fac4b8_1000x.png?v=1573889358,,,,
124,"Crown of Darjeeling Black FTGFOP ( Fine Tippy Golden Flowery Orange Pekoe)  First Flush- Platine, Loose Leaf Tea Tin                100G","Packed with anti-oxidants, Good for cholesterol, Cardiovascular health, Weight loss, Stress relief.",Whole leaves Black Tea,100 gms | 132 cups,"Rs. 2,600 / tin",https://cdn.shopify.com/s/files/1/0072/1872/4952/products/BT20-1_1000x.jpg?v=1624352994,,,,
125,Spirit of Darjeeling FTGFOP-1 ( Fine Tippy Golden Flowery Orange Pekoe) First Flush- Black Loose Leaf Tea Tin               100G,"Packed with anti-oxidants, Good for cholesterol, Cardiovascular health, Weight loss, Stress relief.",Whole leaves Black Tea,100 gms | 132 cups,"Rs. 2,900 / tin",https://cdn.shopify.com/s/files/1/0072/1872/4952/products/BT19_B_-2_1000x.jpg?v=1623665212,,,,
126,"Organic Jewel of Darjeeling TGBOP-1 (Tippy Golden Broken Orange Pekoe) First Flush- Argent,Black Loose Leaf Tea Tin  150G","Packed with anti-oxidants, good for cholesterol, Cardiovascular health, Weight loss, Stress relief.",Whole leaves Black Tea,150 gms | 150 cups,"Rs. 2,600 / tin",https://cdn.shopify.com/s/files/1/0072/1872/4952/products/BT18_A_-1_1000x.jpg?v=1623664218,,,,
127,Rare Chinese Purple Tea Cake                   200 gms,"Promotes weight loss control blood, Pressure and cholesterol, Relieves hypertension and aids digestion.",Whole leaves Herbal Tea,200 gms | 200 cups,"Rs. 2,800 / box",https://cdn.shopify.com/s/files/1/0072/1872/4952/products/HT07_7bf86e05-fafb-450b-9bec-a820d7391a80_1000x.jpg?v=1609407822,,,,
128,Power Squad Iced Tea Tin                  30 pcs,"Rich in anti-oxidants, Prevents sleep disorders, Aids weight loss, Boosts immune system, Improves heart functions, Clears common cold.","Star Anise, Cardamom and Cinnamon",30 pcs | 30 cups,"Rs.1,500 / tin",https://cdn.shopify.com/s/files/1/0072/1872/4952/products/IC-09-2_1000x.jpg?v=1640179303,,,,
129,Moroccan Mint Iced Tea Tin 30 pcs,"Good for immune system, Hormonal imbalances, Memory, Nausea, Muscle pain, Detoxifying the body, Respiratory issues, Bad breath, Weight loss. ",Mint & Lemongrass,30 pcs | 30 cups,"Rs.1,150 / tin",https://cdn.shopify.com/s/files/1/0072/1872/4952/products/IC-05-2_1000x.jpg?v=1640179269,,,,
130,"Premium Chinese Yellow Chrysanthemum Flower Tea Packet, 20 pcs","Eliminates liver heat, Improves eyesight, Nourishes the throat, Controls blood pressure and cholesterol, Cools down the body, Prevents sunstroke.",Whole Flowers,20 pcs | 80 cups,"Rs. 3,500 / pkt",https://cdn.shopify.com/s/files/1/0072/1872/4952/products/FT21_ae7ac1ed-4e4f-48a5-b529-e0ca726df26d_1000x.jpg?v=1581147510,,,,
131,A Box of Care         3 x 25 g,"Aids Digestion, Increase in energy level, Packed with Vitamin A,B1,B2,C & Calcium, Immune system.Reduces hypertension, Premature aging, Relieves motion sickness, Prevents stomach disorders, Good for skin and hair.","25g Minty Yerba Mate, 25g Chinese Jasmine Argent, 25g Great Green Rooibos Tea Blend, 1 mug with infuser and lid",Tea Care Package      3 x 25 g Tea Tins,"Rs. 2,600 / box",https://cdn.shopify.com/s/files/1/0072/1872/4952/products/Tea_Care_4_1000x.jpg?v=1626066310,,,,
132,True Tea Luxury                 2 x 25 g,"Purifies blood, Relieves stress, Has a calming effect on mind and body, Promotes anti-aging, Good for heart, Boosts immunity.Good for weight loss, Detox, Cholesterol control, Lowering blood pressure.","25g Dooars Green Tea, 25g Anji White Green Tea, 350ml Mug, with Infuser & Lid",Tea Care Package      2 x 25G Tea Tins,"Rs. 2,400 / box",https://cdn.shopify.com/s/files/1/0072/1872/4952/products/26_f304f56c-34cf-48bc-8043-30a586d99958_1000x.jpg?v=1581675190,,,,
133,Exclusive Pamper With Tea  Care Pack                       2 x 25 g,"Soothing and calming, mood relieving, sleep inducing","25g Jasmine Argent Tea, 25g Organic Jasmine Black Tea,Â 1 Stacked Tea Set, 1 Candle",Tea Care Package      2 x 25G Tea Tins,"Rs.7,800 / box",https://cdn.shopify.com/s/files/1/0072/1872/4952/products/20_fffb3a8f-0cb1-471e-82c3-c800791ffb45_1000x.jpg?v=1581673777,,,,
134,Exclusive Three Mini Rare Chinese Sichuan Red Black Tea        3 x 25 g,"Boosts heart functions, Cleanses the body, Aids weight loss, Fights cancer. Good for cardiovascular health, Cholesterol control, Lowers blood pressure, Relieves hypertension.","25g  Gong Fu Red Argent Black Tea, 25g  Gong Fu Red  Or Black Tea, 25g Red Leaf Platine Black Tea",Tea Care Package    25 g x 3 Teas,"Rs. 2,600 / pk",https://cdn.shopify.com/s/files/1/0072/1872/4952/products/BT22_21_04_1000x.jpg?v=1581502613,,,,
135,Three Mini Artisan White Teas         3x15 g,"Purifies blood, Relieves stress, Has a calming effect on mind and body, Promotes anti-aging, Packed with anti-oxidants, Good for heart, Boosts immunity.","15g Chinese White Silver Needle Bud,15g Darjeeling Indian Organic White Bai Mudan - Platine, 15g Indian Organic White Bai Mudan Argent",Tea Care Package       15g x 3 Teas,"Rs.1,850 / pk",https://cdn.shopify.com/s/files/1/0072/1872/4952/products/WT01_12_04_1000x.jpg?v=1581497806,,,,
136,Three Mini Premium Oolong Teas           3 x 25 g,Add a glow to your skin and a spring in your step.,"25g  Tie Guan Yin Autumn Chinese Oolong Tea, 25g Taiwanese Oolong Tea â€“ Argent, 25g Tie Guan Yin â€“ Or Chinese Oolong Tea",25g x 3 Teas,"Rs. 2,350 / pk",https://cdn.shopify.com/s/files/1/0072/1872/4952/products/OT16_02_07_1000x.jpg?v=1581497390,,,,
137,Citrus Story Tea Blend Pouch        150 g,"Aids weight loss, Promotes skin care, Improves digestion, Reduces cholesterol, Powers immune system, Promotes detoxification.","Lemongrass, Orange peel, Kaffir lime leaves",150 gms | 75 cups,"Rs. 2,800 / pouch",https://cdn.shopify.com/s/files/1/0072/1872/4952/products/BLD70_1000x.jpg?v=1581149498,,,,
138,Pretty in Pink Tea Blend Pouch      150 g,"Rich in anti-oxidants, Good for joints, Prevents sleep disorders, Protects liver, Anti-depressant, Good for menopause, Packed with Vitamins.","Bulgarian Red Rose petals, Star Anise, Hibiscus",150 gms | 102 cups,"Rs.1,600 / tin",https://cdn.shopify.com/s/files/1/0072/1872/4952/products/BLD26_1000x.jpg?v=1581148999,,,,
139,Mint & Rooibos Tea Blend                           200 G,"Reduces hypertension, Premature aging, Relieves motion sickness, Prevents stomach disorders, Good for skin and hair, Packed with Vitamin C, Anti-oxidants.","Organic Green Rooibos, Mint",200 gms | 200 cups,"Rs. 2,000 / tin",https://cdn.shopify.com/s/files/1/0072/1872/4952/products/BLD44_2_1000x.jpg?v=1630316314,,,,
130,Marigold Medley Blooming Tea       10 pcs,"Fine green tea leaves  delicately sewn with 3 vibrant Marigold flowers, delicately hand woven and tied together to create a blooming tea that delights all your senses. When each bloom is dropped in freshly boiled water, it blooms.              Good for digestion, Anti-septic, Skin care, Immune system, Good for Eyes, Eases cramps.",3 marigolds tied to tender green tea leaves to form a bloom,10 pcs | 30 cups,"Rs.1,600 / tin",https://cdn.shopify.com/s/files/1/0072/1872/4952/products/TBL_14-1_1000x.jpg?v=1615446631,,,,
141,"Organic Darjeeling Secret FTGFOP-1 (Fine Tippy Golden Flowery Orange Pekoe) First Flush- Platine, Loose Leaf Black Tea Tin       100 G","Packed with anti-oxidants, Good for cholesterol, Cardiovascular health, Weight loss,, Stress relief.",Whole leaves Black Tea,100 gms | 132 cups,"Rs. 2,600 / tin",https://cdn.shopify.com/s/files/1/0072/1872/4952/products/BT17_C_-1_1000x.jpg?v=1623664134,,,,
142,Mars & Venus Iced Tea Tin                 30 pcs,"Carries anti-aging, Anti-anxiety properties, Good for menopause, Hair and skin, Boosts immune system, Reduces hypertension, Improves cardio-vascular health, Good for liver health.  
               ","Organic Rooibos, French Pink Rose petals, Bulgarian Red Rose petals",30 pcs | 30 cups,"Rs.1,800 / tin",https://cdn.shopify.com/s/files/1/0072/1872/4952/products/IC-06-2_1000x.jpg?v=1640179257,,,,
143,Hint of Mint Iced Tea Tin                  30 pcs,"Reduces hypertension, Premature aging, Improves cardio-vascular health, Good for hair, Reduces nausea, Cures muscle pain, Detoxifies the body, Boosts immune system, Prevents bad breath, Aids weight loss.","Organic Rooibos, Peppermint, Ginger mint",30 pcs | 30 cups,"Rs. 2,250 / tin",https://cdn.shopify.com/s/files/1/0072/1872/4952/products/IC-03-2_1000x.jpg?v=1640179209,,,,
144,Herbal Care                  75 G,1. Good for motion sickness 2. Asthma 3. Menstrual discomfort 4. Boosts immune system 5. Aids weight loss 6. Improves heart functions.,"Black Ginger, Cinnamon, Brown Cardamom","75 gms = 57 Cups,","Rs. 1,300 / tin",https://cdn.shopify.com/s/files/1/0072/1872/4952/products/Herbalcare_1000x.jpg?v=1609226730,,,,
145,Femme Fatale Tea Blend                             100 G,"Packed with anti-oxidants, Anti-aging properties, Good for blood pressure, Heart, Digestive system, Liver and skin, Reduces anxiety.","Moringa leaves, French Pink Rose petals, Bulgarian Red Rose petals",100 gms = 68 cups,Rs. 900 / tin,https://cdn.shopify.com/s/files/1/0072/1872/4952/products/BLD23_1000x.png?v=1573887287,,,,
146,The Musical Loose Leaf Tea Blend Pouch                 100 G,"Packed with anti-oxidants, Anti-aging properties, Prevents sleep disorders Remove toxins, Regulates blood sugar levels, Aids weight loss, Boosts immune system.","Organic White Bai Mudan leaves, Star Anise and Cinnamon",100 gms | 100 cups,"Rs.1,500 / pouch",https://cdn.shopify.com/s/files/1/0072/1872/4952/products/BLD_16_1000x.jpg?v=1581336356,,,,
147,The First Kiss Loose Leaf  Tea Blend Pouch      150 G,"Promotes relaxation, Prevents digestive issues, Helps cancer prevention, Dental health, Weight loss, Good for bones and heart, Anti-stress.",Organic Darjeeling Black Tea and French Lavender buds,150 gms | 150 cups,"Rs. 2,000 / pouch",https://cdn.shopify.com/s/files/1/0072/1872/4952/products/BLD_11_1000x.jpg?v=1581336320,,,,
148,Un Bouquet de Rose                  100 G,"Promotes weight loss, Rich in anti-oxidants & anti-aging properties, Boosts cardiovascular health, Good for skin.","Organic Designer Peridot Tea, natural Rose flavour",100 gms | 132 cups,"Rs. 4,000 / tin",https://cdn.shopify.com/s/files/1/0072/1872/4952/products/DT02_cdef412e-c29a-4ab6-a14d-8c4b7ebe1c2c_1000x.jpg?v=1581329502,,,,
149,Organic Black Jasmine TeaÂ ,"Packed with anti-oxidants, Lowers cholesterol, Enhances mood, Relieves stress, Boosts immunity, Has calming effect.",Whole leaves Jasmine Tea,50 gms | 50 cups,"Rs.2,250 / tin",https://cdn.shopify.com/s/files/1/0072/1872/4952/products/DSC09871_1000x.jpg?v=1633932887,,,,
150,Chinese Fujian Zen White Tea Cake  357 g,"Boosts weight loss, Anti-cancer, Skin beautification, Anti-inflammatory, Packed with anti-oxidants.",Whole leaves White Tea,357 gms | 476 cups,"Rs.15,000 / cake",https://cdn.shopify.com/s/files/1/0072/1872/4952/products/WT-06_1000x.jpg?v=1562849186,,,,
151,Organic Darjeeling FTGFOP-1 (Fine Tippy Golden Flowery Orange Pekoe) -Clonal- 1st Flush - Black Loose Leaf Tea              100 G,"Good for heart health, Bones, Weight loss, Dental health, Packed with anti-oxidants.",Whole leaves Black Tea,100 gms | 132 cups,"Rs.2,250 / tin",https://cdn.shopify.com/s/files/1/0072/1872/4952/products/BT29-2_1000x.jpg?v=1623664965,,,,
152,Organic Pride of Darjeeling TGBOP (Fine Golden  Broken Orange Pekoe) 2nd Flush Black Loose Tea Pouch                 150 G,"Ideal for detox and weight loss, Packed with anti-oxidants, Improves liver health, Good for heart, Stress relief, Cholesterol control.",Whole leaves Black Tea,150 gms | 150 cups,"Rs.1,850 / pouch",https://cdn.shopify.com/s/files/1/0072/1872/4952/products/BT25_A_-2_1000x.jpg?v=1623664826,,,,
153,Organic Soul of Darjeeling FTGFOP (Fine Tippy Golden Flowery Orange Pekoe) 2nd Flush Black Loose Leaf Tea Tin                100 G,"Ideal for detox and weight loss, Packed with anti-oxidants, Improves liver health, Good for heart, Stress relief, Cholesterol control.",Whole leaves Black Tea,100 gms | 132 cups,"Rs.1,850 / tin",https://cdn.shopify.com/s/files/1/0072/1872/4952/products/BT24_B_-2_1000x.jpg?v=1623664677,,,,
154,Chateau De Versailles Tea Blend 50 G,"Relieves stress, Good for heart, Anti-aging, Lowers cholesterol, Replenishes fever, Prevents respiratory disorders, Good for eyes.",Organic Golden Needle Buds & Chrysanthemum Petals,50 gms =66 cups,"Rs.1,450 / tin",https://cdn.shopify.com/s/files/1/0072/1872/4952/products/BLD09_1000x.png?v=1573886653,,,,
155,"Stay True, Stay You! Gift Box                2 x 50 G","Anti-oxidant, Has Anti-aging properties, Improves cholesterol, Weight loss, Reduces hypertension.","50g  Relaxing Lavender Rooibos Tea Blend, 50g Green Rooibos Tea Blend, 2 Bone China Mugs",Tea Care Package    50 g x 2 Teas,"Rs. 3,900 / pk",https://cdn.shopify.com/s/files/1/0072/1872/4952/products/1_5eac736c-85b9-49f0-8a5d-36b7054a2b3e_1000x.jpg?v=1645781109,,,,
156,Thinking Of You Gift Box       1 x 50 G,"Rich in anti-oxidants, Helps fight cancer, Lowers risk of brain stroke.â€¨
","50 gm Chinese Huo Shan Huang Ya - Argent Yellow Loose Leaf Tea, 1 candle, 320 ml Mug",Gift Box                     50 g x 1 Tea,"Rs.3,800 / box",https://cdn.shopify.com/s/files/1/0072/1872/4952/products/Box6_1_1000x.jpg?v=1611770470,,,,
157,Soothe The Soul         2 x  25 G,"Anti-oxidant. Lowers cholesterol, Good for heart, Promotes detoxification.Â Good for weight loss, Anti-aging, Detox, Cholesterol control, Dental health, Lowering blood pressure.","25g Simao Green Whole Leaf Tea, 25g Cloudy Fragrance Whole LeafGreen Tea, 1 spiritual Candle, 1 Stacked Tea Set",Tea Care Packages 25 g x 2 Teas,"Rs. 8,000 / pk",https://cdn.shopify.com/s/files/1/0072/1872/4952/products/19_0390cdd3-ae83-413a-98ec-8d373e399054_1000x.jpg?v=1581680537,,,,
158,"Chinese Shui Yun You, Award Wining Ripe Pu'er Tea Cake- (Guangzhou International Tea Expo-2008, grown in Menghai, China)     EXCLUSIVE-1 Pc. ONLY
 357 G","Refreshes the body, Cleanses heat toxins, Summer cooler, Aids digestion, Promotes weight loss.",Whole leaves Pu'er Tea,357 gms | 952 Cups,"Rs. 10,000 / cake",https://cdn.shopify.com/s/files/1/0072/1872/4952/products/PT22_1000x.jpg?v=1609408080,,,,
159,"Chinese Shui Yun You, Award winning Raw Pu'er Tea Cake- (Guangzhou International Tea Expo-2008, grown in Menghai, China)     EXCLUSIVE-1 PC. ONLY
357 G","Refreshes the body, Cleanses heat toxins, Summer cooler, Aids digestion, Promotes weight loss.",Whole leaves Pu'er Tea,357 gms | 952 Cups,"Rs. 10,000 / cake",https://cdn.shopify.com/s/files/1/0072/1872/4952/products/PT21_1000x.jpg?v=1609408027,,,,
160,Chinese Mengku Raw  Cake EXCLUSIVE-1 PC. ONLY                        250 G,"Contains anti-cancer properties, prevents stress and aids digestion, Lowers cholesterol, purifies blood.",Whole leaves Pu'er Tea,250 gms | 500 Cups,"Rs. 10,600 / cake",https://cdn.shopify.com/s/files/1/0072/1872/4952/products/PT-02_1000x.jpg?v=1562843972,,,,
161,Chinese Bing Dao Raw  Cake- Platine   EXCLUSIVE-1 PC. ONLY                         200 G,"Lowers cholesterol, Blood purifier, Aids digestion and sleep, Carries anti-aging and anti-stress properties.",Whole leaves Pu'er Tea,200 gms | 500 Cups,"Rs.16,500 / cake",https://cdn.shopify.com/s/files/1/0072/1872/4952/products/PT01_1000x.jpg?v=1609407920,,,,
162,Chinese Chrysanthemum Raw Tablet                          40 Pcs,"Relieves stress, Recommended for elderly, Helps regulate blood sugar level and cholesterol, Helps maintain a healthy stomach, Improves eyesight.",Whole leaves Pu'er Tea,40 pcs | 160 cups,"Rs.1,800 / Pk",https://cdn.shopify.com/s/files/1/0072/1872/4952/products/PT17_1000x.jpg?v=1581415838,,,,
163,Sweet Anise                  100 G,1. Packed with antioxidants 2. Good for joints 3. Good for eyes 4. Relieves stress 5. Prevents respiratory disorders 6. Relaxant,"Yellow Chrysanthemum petals, Star Anise",100 gms = 76 Cups,"Rs.1,600 / pouch",https://cdn.shopify.com/s/files/1/0072/1872/4952/products/SweetAnise_1000x.jpg?v=1609228848,,,,
164,Exclusive Chinese Raw Mushroom Lincang Pu'er Tea            250 G,"Boosts weight loss, Anti-aging, Cardiovascular health, Digestion.",Whole leaves Designer Tea,250 gms | 500 cups,"Rs. 8,500 / pc",https://cdn.shopify.com/s/files/1/0072/1872/4952/products/DT-09_1000x.jpg?v=1563011721,,,,
165,Chinese White Silver Needle Tea Cake                  200 G,"Packed with anti-oxidants, Boosts immunity, Weight loss, Relaxation, Aids digestion.",Whole leaves White Tea,200 gms | 200 cups,"Rs. 12,500 / cake",https://cdn.shopify.com/s/files/1/0072/1872/4952/products/WT-07_1000x.jpg?v=1562849188,,,,
166,Jive of Jasmine & Marigold Blooming Tea                     ,"A floral enchantment of tender green tea leaves delicately wrapped with blooms of 1 Marigold and 5 Jasmine flowers masterfully tied together to create a blooming tea that delights all your senses.                Good for digestion, Good for Skin, Immunity, Relaxation, Relieves stress, Good for heart.",1 marigold + 5 Jasmines tied to Tender Green Leaves,10 pcs | 30 cups,"Rs.1,600 / tin",https://cdn.shopify.com/s/files/1/0072/1872/4952/products/TBL_09_1000x.jpg?v=1615446322,,,,
167,Lily & Osmanthus Blooming Tea       10 pcs,"Fine green tea leaves are delicately wrapped with fragrant blossoms of 1 Lily and Osmanthus flower petals to create a blooming tea. When the tea bloom is dropped in freshly boiled water, it â€œbloomsâ€",1 lily + osmanthus petals + green tea leaves,10 pcs | 30 cups,"Rs.1,600 / tin",https://cdn.shopify.com/s/files/1/0072/1872/4952/products/TBL_04_1000x.jpg?v=1615445937,,,,
168,"Organic Darjeeling FTGFOP 1 (Fine Tippy Golden Flowery Orange Pekoe , Grade 1)(Clonal) 2nd Flush Loose Leaf Black Tea Tin                       100 G","Good for heart health, Bones, Weight loss, Dental health, Packed with anti-oxidants.",Whole leaves Black Tea,100 gms | 132 cups,"Rs. 2,100 / tin",https://cdn.shopify.com/s/files/1/0072/1872/4952/products/BT30-2_1000x.jpg?v=1623665066,,,,
169,Organic Soul of Darjeeling FTGFOP-1 (Fine Tippy Golden Flowery Orange Pekoe) First Flush- Platine Loose Leaf Black Tea Tin         100 G,"Packed with anti-oxidants, Good for cholesterol, Cardiovascular health, Weight loss, Stress relief.",Whole leaves Black Tea,100 gms | 132 cups,"Rs. 2,800 / tin",https://cdn.shopify.com/s/files/1/0072/1872/4952/products/BT17_B_-1_1000x.jpg?v=1623664030,,,,
170,Full of Surprises Iced Tea Tin         30 pcs,"Reduces hypertension, Premature... 
               ",Organic Green Rooibos & Mint,30 pcs | 30 cups,"Rs. 2,600 / tin",https://cdn.shopify.com/s/files/1/0072/1872/4952/products/IC-08-2_1000x.jpg?v=1640179195,,,,
171,"The Great Green Rooibos Tea, Mini Tin Sampler Pack - 25g","Packed with anti-oxidants, Aids weight loss, Promotes skin care, Improves digestion, Good for heart, Reduces hypertension, Anti-aging.","Organic Green Rooibos, Cinnamon, Kaffir Lime Leaf",25 gms | 25 Cups,Rs. 400 / tin,https://cdn.shopify.com/s/files/1/0072/1872/4952/products/DSC01978-01-01_1000x.jpg?v=1585733837,,,,
172,Delicious Red Rooibos Herbal Tea  200g,"Packed with anti-oxidants, Anti-aging properties, Improves cholesterol, Weight loss, Reduces hypertension.","Rare herbal tea, grown only in Western Cape Province in South Africa.",200 gms | 152 cups,"Rs.1,850 / tin",https://cdn.shopify.com/s/files/1/0072/1872/4952/products/HT04_3_1000x.jpg?v=1630317089,,,,
173,"Organic Red Rooibos Herbal Tea, Mini Tin Sampler Pack    25G","Packed with anti-oxidants, Anti-aging properties, Improves cholesterol, Weight loss, Reduces hypertension.","Rare herbal tea, grown only in Western Cape Province in South Africa.",25 gms | 19 Cups,Rs. 550 / tin,https://cdn.shopify.com/s/files/1/0072/1872/4952/products/DSC01980-01-01_1000x.jpg?v=1585734106,,,,
174,The Rooibos Moringa Chamomile Tea Blend                          200G,"Controls hormonal imbalance, Mood swing, Aids digestion, Relieves stress, Fights depression, Menstrual spasms, Anti-aging, Improves heart health.","Organic Rooibos, Organic Moringa leaves, Dry Chamomile flower",200 gms | 200 cups,Rs.1300 / tin,https://cdn.shopify.com/s/files/1/0072/1872/4952/products/BLD108_2_1000x.jpg?v=1630316784,,,,
175,Midnight Minty Rooibos Tea Blend    200 G,"Reduces hypertension, Premature aging, Improves cardio-vascular health, Good for hair, Reduces nausea, Cures muscle pain, Detoxifies the body, Boosts immune system, Aids weight loss.","Organic Rooibos, Peppermint, Ginger mint",200 gms | 200 cups,"Rs.1,560/ tin",https://cdn.shopify.com/s/files/1/0072/1872/4952/products/BLD21_2_1000x.jpg?v=1630315832,,,,
176,Three Mini Bring Joy To Your Gut Green Teas             3 x 25g,Improves Gut Health,"25g Chinese Cloudy Fragrance Loose Leaf Green Tea, 25g Indian Organic Smoky Loose Leaf Green Tea, 25g Chinese Simao Loose Leaf Green Tea",25g x 3 Teas,"Rs. 2,600 / tin",https://cdn.shopify.com/s/files/1/0072/1872/4952/products/GT39_48_23_1000x.jpg?v=1580898875,,,,
177,The Great Green Rooibos Tea Blend 150G,"Packed with anti-oxidants, Aids weight loss, Promotes skin care, Improves digestion, Good for heart, Reduces hypertension, Anti-aging.","Organic Green Rooibos, Cinnamon, Kaffir Lime Leaf",150 gms | 150 cups,"Rs.1,800 / tin",https://cdn.shopify.com/s/files/1/0072/1872/4952/products/BLD85_2_1000x.jpg?v=1630316644,,,,
178,Hakuna Matata Tea Blend,"Relieves stress, Prevents cancer, Aids dental health, Weight loss, Good for bones, Good for eyes, Replenishes fever, Revents respiratory disorders, Is a natural stress buster.","Organic Darjeeling Black Tea, Yellow Chrysanthemum petals",50 gms = 50 cups,Rs.800 /tin,https://cdn.shopify.com/s/files/1/0072/1872/4952/products/BLD15_1000x.png?v=1573886994,,,,
179,"Circle of Life Blooming Tea, 10pcs","Tender green tea leaves and 7 Jasmine flowers are delicately hand woven with care, and masterfully tied together with tender green tea leaves to create a blooming tea that delights all your senses.              Aids weight loss, Packed with anti-oxidants, Promotes relaxation, Good for heart, Relieves stress.",7 Jasmines in a circle,10 pcs | 30 cups,"Rs.1,600 / tin",https://cdn.shopify.com/s/files/1/0072/1872/4952/products/TBL_11_1000x.jpg?v=1615446444,,,,
180,The Sweet Green Rooibos Tea Blend  150 G,"Aids weight loss, Reduces hypertension, Premature aging, Improves cardiovascular health, Eases anxiety, Boosts immunity, Helps control skin problems, Good for eyes.","Organic Green Rooibos, Yellow Chrysanthemum petals, Calendula petals, Blue Corn petals",150 gms | 150 cups,"Rs.1,700 / tin",https://cdn.shopify.com/s/files/1/0072/1872/4952/products/BLD40_2_1000x.jpg?v=1630316056,,,,
181,White Small Bud Silver Needle Jasmine Tea               50 G,"Packed with anti-oxidants, Lowers cholesterol, Enhances mood, Relieves stress, Boosts immunity, Has calming effect.",Whole leaves Jasmine Tea,50 gms | 50 cups,"Rs. 3,200 / tin",https://cdn.shopify.com/s/files/1/0072/1872/4952/products/DSC09873_1000x.jpg?v=1633932986,,,,
182,Boss Lady Style Gift Box                                                       2 x 50 G,"Calming, Gut healthy, Healthy skin glow","50g Organic Jasmine Tea, 50 g Organic Deccan Tea, 2 Mugs",Tea Care Package    50 g x 2 Teas,"Rs. 4,000 / pk",https://cdn.shopify.com/s/files/1/0072/1872/4952/products/247_1000x.jpg?v=1645779511,,,,
183,EXCLUSIVE! Designer Rose Flower Tea Cake     5 Kgs,"Aids metabolism and digestion, Promotes weight loss, Rich in anti-oxidants, Great for womens health.",Whole leaves Designer Tea,5 Kilo | 5000 cups,"Rs. 65,000",https://cdn.shopify.com/s/files/1/0072/1872/4952/products/DT-05_1000x.jpg?v=1563011855,,,,
184,Together Forever Gift Box                 300 G,"Aids weight loss, Promotes relaxation, Good for heart, relieves stress, packed with anti-oxidants.","200g Chinese Jasmine Tea - Argent Loose Leaf Tea,Â 100g Sri Lankan BM Ceylon Loose Leaf Black Tea,",300 gms | 300 cups,"Rs. 1,980 /box",https://cdn.shopify.com/s/files/1/0072/1872/4952/products/Box14_1_800x.jpg?v=1611738978,,,,
185,Precious Blue Gift Box                        50 G,"Packed with anti-oxidants, Good for weight loss, Anti-aging, Detox, Cholesterol control, Dental health, Lowering blood pressure.","50 gms of Dooars Green Tea,1 300 ml Porcelain Mug",50 gms | 50 cups,"Rs. 1,950 /box",https://cdn.shopify.com/s/files/1/0072/1872/4952/products/Box_17_800x.jpg?v=1617896381,,,,
186,Immunitea Boosting Gift Box              5 x 15g,"Relieves stress, Improves  brain functionality, Stimulates fat burning, Boosts energy, Enhances heart health & digestion, Boosts immunity.","15g Organic Matcha, 15g Organic Sencha, 15g Houjicha Green Tea, 15g  Spice It Up, 15g Secret Spice  Teas",15 gms | 35 cups,"Rs. 2,340 /box",https://cdn.shopify.com/s/files/1/0072/1872/4952/products/Box9-4_800x.jpg?v=1621927375,,,,
187,"Hey, Hot-Tea                                         3 x 15g","Anti-oxidant, Removes toxins, Good for anti-ageing, Respiratory disorders, Boosts energy levels, Aids weight loss","15g Rose white peony, 15g White silver needle bud tea, 15g Organic Matcha Teas,  300ml Bone China mug",15 gms | 3cups,"Rs. 2,340 /box",https://cdn.shopify.com/s/files/1/0072/1872/4952/products/DSC04011_800x.jpg?v=1642500543,,,,
188,Yoga Tea                                        3 x 15g,"Anti-oxidant, Relaxant, Cooling, Promotes weight loss, Anti-aging, Enhances mood, Skin protection, Controls cholesterol and diabetes, Aids stress relief.","15g Chanxin Jasmine Tea , 15g Organic Xueji Chanxin Bud Green Tea, 15gÂ White Lavender Paradise Tea Blend",15 gms | 35 cups,"Rs. 1,950 /box",https://cdn.shopify.com/s/files/1/0072/1872/4952/products/DSC00118_800x.jpg?v=1655399530,,,,
189,25 days Fit Tea                            5 x 15g,"Improves gut health, Stress reliever, Flushes toxins, Rehydrates the body, Relieves stress, Boosts  energy, Stimulates weight loss, Enhances cardiovascular health, Relaxes muscles
","15g Tie Guan Yin Oolong Tea Spring Tea, 15g Gong Fu Red Tea, 15g Matcha Spring, 15g Hong Qing Baked Green Tea, 15g Gyokuro Green Tea",15 gms | 35 cups,"Rs. 2,340 /box",https://cdn.shopify.com/s/files/1/0072/1872/4952/products/Box8-4_800x.jpg?v=1621928184,,,,
190,15 Days Detox Tea                        3 x 15g,"Flushes  impurities and toxins, Enhances digestion, ceduces blood sugar, controls blood pressure, Stimulates weight loss, enhancing digestion, reduces blood sugar, controls blood pressure.l","15g Gold Bud Black Tea, 15g Xiuning Songlou Green Tea, 15gÂ Natural Moringa Cleanse",15 gms | 5 cups,"Rs. 1,560 /box",https://cdn.shopify.com/s/files/1/0072/1872/4952/products/Box_1_-3_800x.jpg?v=1621926464,,,,
