,title,health,ingredients,weight,price,image
0,Green Tea Stick (Pack of 9 individually wrapped 2g each tea sticks),"Slimming, high in anti-oxidant (anti-aging), helps overall immune system.",Whole leaves Green Tea,1 Stick  = 2 grams,Rs. 310 / pk,https://cdn.shopify.com/s/files/1/0072/1872/4952/products/Tea_Stick_2_1000x.jpg?v=1582618217
1,Organic Chamomile Flower Tea        100G,"Induces sleep, Relaxation, Good for skin and eyes, Aids digestion, Relieves stress.",Whole Flowers,100 gms | 50 cups,Rs. 1170 / tin,https://cdn.shopify.com/s/files/1/0072/1872/4952/products/Chamomile_Tea_1000x.jpg?v=1623055865
2,Chamomile Lavender Jazz              50G,1. Packed with anti-oxidants 2. Removes toxins 3. Promotes relaxation 4. Digestive care 5. Detoxifies the body,"Yellow Chrysanthemum petals, German Chamomile, French Lavender buds","Tea Tin, 50 gms = 34 cups",Rs. 780 / tin,https://cdn.shopify.com/s/files/1/0072/1872/4952/products/ChamomileJazz_1000x.jpg?v=1597054662
6,Natural Moringa Cleanse                         50G,1. Rich in antioxidants 2. Good for joints 3. Prevents sleep disorders 4. Aids weight loss 5. Boosts immune system 6. Lowers cholesterol 7. Promotes detoxification 8. Controls mood swings.,"Moringa, Star Anise, Cinnamon, Lemongrass","Tea Tin, 50 gms = 34 cups",Rs. 600 / tin,https://cdn.shopify.com/s/files/1/0072/1872/4952/products/Moringa_1000x.jpg?v=1597920209
8,Sweet Chamomile Escape                       50G,1. Helps fight anxiety 2. Depression 3. Cures insomnia 4. Aids skin disorders 5. Improves memory 6. Relieves stress 7. Boosts immunity 8. Good for eyes,"German Chamomile, Yellow Chrysanthemum petals, Blue Corn petals, Rosemary","Tea Tin, 50 gms = 34 cups",Rs. 650 / tin,https://cdn.shopify.com/s/files/1/0072/1872/4952/products/SweetChamomile_1000x.jpg?v=1597054047
9,Soothsayer's Chant Tea Blend,"Good for nervous system, Lowers cholesterol, Good for digestion, Prevents insomnia, Anti-depression, Aids skin, Stomach disorders, Promotes relaxation.","Organic German Chamomile, Lemongrass, Mint","Tea Pouch, 50 gms = 34 cups",Rs. 750 / tin,https://cdn.shopify.com/s/files/1/0072/1872/4952/products/BLD37_1000x.png?v=1573887685
10,Moroccan Mint              100G,1. Good for the immune system 2. Hormonal imbalances 3. Memory 4. Nausea 5. Muscle pain 6. Detoxifying the body 7. Respiratory issues 8. Bad breath 9. Weight loss.,"Spearmint, Gingermint, Peppermint","Tea Pouch, 100 gms = 100 Cups",Rs. 780 / tin,https://cdn.shopify.com/s/files/1/0072/1872/4952/products/Morrocanmint_1000x.jpg?v=1597919785
12,"Tasty Irani Chai       Tea Tin, 75g",1. Good for heart 2. Lowers cholesterol 3. Prevents nausea 4. Clears common cold 5. Aids digestion 6. Protects liver 7. Boosts immune system 8. Good for oral health 9. Good for skin.,"Ceylon Black Tea, Cardamom, Cloves","Tea Tin, 75gms = 51 cups","Rs.1,170 / tin",https://cdn.shopify.com/s/files/1/0072/1872/4952/products/TastyIranichai_1000x.jpg?v=1597053268
13,Rare Silver Needle White Rose Tea Tin  75G,1. Packed with antioxidants 2. Good for skin and menopause 3. Liver health 4. Anti-anxiety properties 5. Reduces stress 6. Boosts immunity 7. Aids digestion 8. Promotes weight loss,"Organic White Silverneedle buds, French Pink Rose buds",75 gms = 99 cups,"Rs. 2,210 / tin",https://cdn.shopify.com/s/files/1/0072/1872/4952/products/RareSilverneedle_1000x.jpg?v=1597054123
14,Kashmir French Lavender Bud - Argent Flower Tea Tin                      100G,"Promotes relaxation, Aids digestion, Eases convulsions and spasms, Promotes mental wellbeing, Good for insomnia.",Whole Flowers,100 gms | 100 cups,"Rs.1,500 / tin",https://cdn.shopify.com/s/files/1/0072/1872/4952/products/DSC09884_1000x.jpg?v=1633928032
15,"Indian Peppermint Herbal Loose Leaf Tea Tin,               100G","Improves digestion, Cures bad breath, Aids weight loss, Eliminates inflammation, Balances sleep patterns.",Whole leaves Herbal Tea,100 gms | 100 cups,"Rs.1,370 / tin",https://cdn.shopify.com/s/files/1/0072/1872/4952/products/HT06_cdd89411-a7fe-4c00-9438-9c262dcc8dd3_1000x.jpg?v=1581402878
16,Darjeeling Organic Golden Needle buds  - Platine Loose Leaf Black Tea Tin              100G,"Ideal for detox, Weight loss, Packed with anti-oxidants, Improves liver health, Good for heart.",Whole leaves Black Tea,100 gms | 132 cups,"Rs. 3,450 / tin",https://cdn.shopify.com/s/files/1/0072/1872/4952/products/BT14_1000x.jpg?v=1581403555
17,Vibrant Hibiscus          100G,1. Rich in antioxidants 2. Packed with Vitamin C 3. Good for joints 4. Aids digestion 5. Protects liver 6. Lowers blood pressure 7. Cholesterol.,"Star Anise, Hibiscus, Cloves",100gms = 100cups,Rs. 910 / tin,https://cdn.shopify.com/s/files/1/0072/1872/4952/products/VibrantHibiscus_1000x.jpg?v=1597054250
18,Garden Mint and Rose Tea Tin                  50g,1. Improves digestion 2. Boosts respiratory health 3. Relieves stress 4. Improves immunity 5. Aids motion sickness 6. Good for menopause.,"Mint Leaves, French Pink Rose petals",50 gms = 34 cups,Rs. 800 /  tin ,https://cdn.shopify.com/s/files/1/0072/1872/4952/products/Gardenmontnrose_1000x.jpg?v=1597919707
19,Lemongrassy Hibiscus Tea Tin         75G,1. Good for the nervous system 2. Cholesterol control 3. Detoxification 4. Blood pressure 5. Blood-sugar levels 6. Packed with vitamin C 7. Carries anti-cancer properties 8. Aids weight loss 9. Boosts immune system.,"Hibiscus, Organic Lemongrass, Cinnamon",75 gms = 37 cups,Rs. 910 /  tin ,https://cdn.shopify.com/s/files/1/0072/1872/4952/products/Hibiscus_1000x.jpg?v=1597919921
21,Green Tea Stick (Pack of 99 individually wrapped tea stick),"Slimming, high in anti-oxidant (anti-aging), helps overall immune system.",Whole Leaves Green Tea,1 Stick  = 2 grams,"Rs. 3,000 / pk",https://cdn.shopify.com/s/files/1/0072/1872/4952/products/Tea_Stick_2_0ed7deca-4fdd-491b-a8fe-8f793a1f57f7_1000x.jpg?v=1582618287
22,Citrusy & Spicy Nettle Remedy Tea Tin                        50g,,"Nettle leaves, Orange Peel, Cinnamon, Dry Ginger",50 gms = 25 cups,Rs. 600 / tin,https://cdn.shopify.com/s/files/1/0072/1872/4952/products/Nettle_1000x.jpg?v=1597919628
23,Three Mini Around The World Green Teas                           3 x 25g,,,25g x 3 Teas,Rs.1050 / tin,https://cdn.shopify.com/s/files/1/0072/1872/4952/products/Green_Tea_Contrywise_1000x.jpg?v=1580892607
24,White Silver Needle Buds                    50g,"Packed with anti-oxidants, Boosts immunity, Weight loss, Relaxation, Aids digestion.",Whole leaves White Tea,50 gms | 50 cups,"Rs.1,200 / tin",https://cdn.shopify.com/s/files/1/0072/1872/4952/products/WT01_1000x.jpg?v=1618036637
29,"Organic Red Rooibos Herbal Tea, Mini Tin Sampler Pack    25G","Packed with anti-oxidants, Anti-aging properties, Improves cholesterol, Weight loss, Reduces hypertension.",,25 gms | 19 Cups,Rs. 550 / tin,https://cdn.shopify.com/s/files/1/0072/1872/4952/products/DSC01980-01-01_1000x.jpg?v=1585734106
30,Men in Black Tea Blend Tea Tin     100 G,"Good for heart, Oral and bone health, Blood circulation, Removes bodys toxins, Lowers cholesterol, Aids digestion, Aids weight loss, Boosts energy.","Organic Ceylon Black Tea, Kunming Black Tea, Organic Darjeeling Black Tea",100 gms = 100 cups,"Rs. 2,000 / tin",https://cdn.shopify.com/s/files/1/0072/1872/4952/products/BLD84_1000x.png?v=1573888679
31,Olive Branch Tea Blend Tea Tin      100 G,"Aids cardiovascular health, Brain function, Prevents nausea, Relieves motion sickness, Stomach disorders, Good for skin, Hair and detox, Prevents insomnia.","Olive leaves, Lemongrass, French Lavender leaves, Mint",50 gms = 68 cups,Rs. 1350 / tin,https://cdn.shopify.com/s/files/1/0072/1872/4952/products/BLD46_1000x.png?v=1573887920
34,"The Floral Secret Blooming Tea, 10pcs","Marigold is also known for its healing properties.Good for eyes, Skin care, Immune system, Promotes relaxation, Relieves stress.",Lily & Marigold tied to tender loose leaf green tea leaves l,10 pcs | 30 cups,"Rs.1,600 / tin",https://cdn.shopify.com/s/files/1/0072/1872/4952/products/TBL_19_1000x.jpg?v=1615446923
35,Angelic Lavender Breeze Tea Tin  50G,1. Promotes relaxation 2. Prevents digestive issues 3. Detoxifies the body 4. Good for the nervous system 5. Lowers cholesterol 6. Prevents insomnia 7. Improves memory.,"Lemongrass, Rosemary, French Lavender",50gms = 34 cups,Rs. 650 / tin,https://cdn.shopify.com/s/files/1/0072/1872/4952/products/LavenderBrezze_1000x.jpg?v=1597053307
36,The Jasmine Bouquet Blooming Tea                     10pcs,"The breathtaking fragrances and flavours of Jasmine and Lily are known for their healing and uplifting properties Aids weight loss, Packed with anti-oxidants, Promotes relaxation, Good for heart, Relieves stress.",1 lily + 8 jasmine tied to whole tea leaves,10 pcs | 30 cups,"Rs.1,600 / tin",https://cdn.shopify.com/s/files/1/0072/1872/4952/products/TBL_05_1000x.jpg?v=1615446125
39,"The Great Green Rooibos Tea, Mini Tin Sampler Pack - 25g","Packed with anti-oxidants, Aids weight loss, Promotes skin care, Improves digestion, Good for heart, Reduces hypertension, Anti-aging.","Organic Green Rooibos, Cinnamon, Kaffir Lime Leaf",25 gms | 25 Cups,Rs. 400 / tin,https://cdn.shopify.com/s/files/1/0072/1872/4952/products/DSC01978-01-01_1000x.jpg?v=1585733837
41,Delicious Red Rooibos Herbal Tea  200g,"Packed with anti-oxidants, Anti-aging properties, Improves cholesterol, Weight loss, Reduces hypertension.",,200 gms | 152 cups,"Rs.1,399 / tin",https://cdn.shopify.com/s/files/1/0072/1872/4952/products/HT04_3_1000x.jpg?v=1630317089
45,Loved Forever                2x 25g,,"(25g Jasmine Argent Tea, 25g Organic Jasmine Black Tea, 1 Spiritual Fantasy Candle , 300ml Mug)",Tea Care Packages,"Rs. 3,300 / box",https://cdn.shopify.com/s/files/1/0072/1872/4952/products/6_fd893d9d-2cc3-47f0-b98f-4646639ee8f0_1000x.jpg?v=1581594562
46,Darjeeling Oolong Tea                        75G,"Helps Manage Stress,  Loose Weight, Prevent Diabetes, Improve Heart Health, Improve Brain Function, Protect Against Certain Cancers,  Promotes Tooth and Bone Strength, Lower Cholesterol",Whole leaves Oolong Tea,75 gms = 74 cups,"Rs.1,500 / tin",https://cdn.shopify.com/s/files/1/0072/1872/4952/products/OT11_1000x.jpg?v=1617856663
47,Organic Jasmine White Tea                      75G,"Packed with anti-oxidants, lowers cholesterol, Enhances mood, Relieves stress, Boosts immunity has calming effect.",Whole leaves Jasmine Tea,75 gms | 75 cups,"Rs.1,550 / tin",https://cdn.shopify.com/s/files/1/0072/1872/4952/products/DSC09886_1000x.jpg?v=1633932797
48,"Taste of Darjeeling FTGFOP-1 ( Fine Tippy Golden Flowery Orange Pekoe, grade -1) First Flush- Loose Leaf Black Tea Tin          100G","Packed with anti-oxidants, Good for cholesterol, Cardiovascular health, Weight loss, Stress relief.",Whole leaves Black Tea,100 gms | 132 cups,"Rs. 2,700 / tin",https://cdn.shopify.com/s/files/1/0072/1872/4952/products/BT19_A_-2_1000x.jpg?v=1623664368
49,Goodnight Kiss Loose Leaf Tea Blend Tin              200G,"Prevents sleep disorders, Good for joints, Eases heart burn, Prevents sleep disorders, Relaxant.","Valerian Root, Star Anise, Licorice Root",200 gms | 100 cups,"Rs. 2,150 / tin",https://cdn.shopify.com/s/files/1/0072/1872/4952/products/BLD71_1000x.jpg?v=1581404473
50,Rosy Duet Tea Blend Pouch               150G,"Good for menopause, Promotes liver health, Carries anti-anxiety, Anti-aging properties, Improves memory, Helps fight cancer.","Bulgarian Red Rose Petals, Rosemary Leaves",150 gms | 102 cups,"Rs.1,500 / pouch",https://cdn.shopify.com/s/files/1/0072/1872/4952/products/BLD39_1000x.jpg?v=1581149281
51,Jasmine Tea                  100G,"Packed with anti-oxidants, Lowers cholesterol, Enhances mood, Relieves stress, Boosts immunity has calming effect.",Whole leaves Jasmine Tea,100 gms | 100 cups,"Rs.1,200 / tin",https://cdn.shopify.com/s/files/1/0072/1872/4952/products/DSC09880_1000x.jpg?v=1633932611
54,Dooars             200G,"Packed with anti-oxidants, Good for weight loss, Anti-aging, Detox, Cholesterol control, Dental health, Lowering blood pressure.",Whole leave green tea,200 gms | 200 cups,"Rs.1,200 / tin",https://cdn.shopify.com/s/files/1/0072/1872/4952/products/GT41_16072c49-df12-4b5f-b524-25c1ae2dbd03_1000x.jpg?v=1612432871
55,Sri Lankan-Ceylon Loose Leaf Black Tea Tin                 150G,"Good for cholesterol, Cardiovascular health, Stress relief, Boosts weight loss.",Whole leaves Black Tea,150 gms | 99 cups,"Rs.1,400 / tin",https://cdn.shopify.com/s/files/1/0072/1872/4952/products/BT07_1000x.jpg?v=1581403156
58,TeaTemptations   Tea Care Package   2 x 25g,,"25G Anji White Green Tea, 25G Dooars Green Tea, (300ml Double Walled Glass Tea Infuser"," 25g x 2 Teas, 1Tea infuser Care ","Rs. 2,100 / pk",https://cdn.shopify.com/s/files/1/0072/1872/4952/products/17_c827033a-2f7a-4eed-8fbb-1a3fc7eb8e81_1000x.jpg?v=1581674597
59,Three Mini Around The World Black Teas                       3 x 25g,,"25g  Ceylon Black Tea, 25g Organic Darjeeling 2nd  Flush Black Tea, 25g Chinese Yunnan Black Tea, known as Mocha of tea",25g x 3 Teas,"Rs.1,000 / pk",https://cdn.shopify.com/s/files/1/0072/1872/4952/products/BT01_08_25_A_1000x.jpg?v=1581499046
60,Bombay Spiced Chai Tea Tin                100G,1. Rich in antioxidants 2. Good for joints 3. Promotes weight loss 4. Boosts immune system 5. Good for hair 6. Clears common cold,"Star Anise, Cloves, Cardamom, Cinnamon",100 gms = 100 Cups,Rs. 910 / tin,https://cdn.shopify.com/s/files/1/0072/1872/4952/products/Bombayspicedtea_1000x.jpg?v=1609227854
61,"Infinity Pool Loose Leaf Tea Blend Tin, 150G","Reduces bad cholesterol, Good for blood pressure, Aids digestive system, Powers the immune system, Protects liver, Works as an anti-depressant, Aids weight loss, Promotes skin care.","Hibiscus, Orange Peel, Rosehip",150 gms | 75 cups,"Rs. 2,000 / tin",https://cdn.shopify.com/s/files/1/0072/1872/4952/products/BLD57_1000x.jpg?v=1609227545
62,Three Mini Around the World Oolong Teas               3x25g,,"25g  Darjeeling Oolong Loose Leaf,  25g  Chinese Tie Guan Yin Oolong Spring- Argent Loose Leaf, 25g Classic Taiwanese Argent Loose Leaf Oolong Tea",25g x 3 Teas,"Rs.1,400 / pk",https://cdn.shopify.com/s/files/1/0072/1872/4952/products/OT01_06_11_1000x.jpg?v=1580902608
63,Assamese Organic Smoky                150g,"Good for lungs, Clears chest congestion, Controls cholesterol levels, Promotes cardiovascular health, Packed with anti-oxidants.",Whole leave green tea,150 gms | 150 cups,"Rs.1,300 / tin",https://cdn.shopify.com/s/files/1/0072/1872/4952/products/GT39_7c523ca8-20dc-4423-a892-f97ea260deb5_1000x.jpg?v=1612432580
64,Sri Lankan Organic Orange Pekoe Loose Leaf Black Tea Tin             100G,"Packed with anti-oxidants, Good for cholesterol, Heart health, Weight loss, Stress relief.",Whole leaves Black Tea,100 gms | 66 cups,"Rs.1,300 / tin",https://cdn.shopify.com/s/files/1/0072/1872/4952/products/BT09_1000x.jpg?v=1581416346
65,Vibrant As You Gift Box                             ,,"15g Organic Red Rooibos Loose Leaf Herbal Tea, 15g Chinese Jasmine Argent Tea, 15g Tasty Irani Chai, 1pc (350 ml) Bone China Tea & Coffee Mug with Infuser & Lid",3x15g Teas,"Rs. 2,499 / tin",https://cdn.shopify.com/s/files/1/0072/1872/4952/products/Box_18_1000x.jpg?v=1617893708
66,Symphony In Every Sip                                                        2 x 25g,,"25G Anji White Green Tea, 25G  Dooars Green Tea, 1 mug",Tea Care Package    2x 25g,"Rs. 2,557 / tin",https://cdn.shopify.com/s/files/1/0072/1872/4952/products/15_a11a5964-da89-4447-8316-7d4c1045fa2c_1000x.jpg?v=1581681292
67,Nani’s(Grandma’s )Herbal Chai                    100G,1. Rich in antioxidants 2. Good for cough and cold 3. Good for joints 4. Good for nervous system 5. Prevents sleep disorders 6. Aids digestion 7. Boosts energy 8. Promotes detoxification 9. Weight loss.,"Black Ginger, Long Pepper, Clove, Star Anise, Lemongrass","Tea Tin, 100 gms = 76 Cups","Rs.1,550 / tin",https://cdn.shopify.com/s/files/1/0072/1872/4952/products/Nani_sSpecial_1000x.jpg?v=1609228651
69,Blooming Love  Tea   10 pcs,"Good for immune system, Cardiovascular health, Digestion, Cholesterol control, Packed with anti-oxidants.",Each bloom is made of 1 Gomphrena Globosa +2 Camellia tied to tender green tea leaves,10 pcs | 30 cups,"Rs.1,550 / tin",https://cdn.shopify.com/s/files/1/0072/1872/4952/products/TBL_17_1000x.jpg?v=1615446821
70,Organic Pride of Darjeeling FTGFOP ( Fine Tippy Golden Flowery Orange Pekoe) 2nd Flush Black Loose Leaf Tea Tin                 100G,"Ideal for detox and weight loss, Packed with anti-oxidants, Improves liver health, Good for heart, Stress relief, Cholesterol control.",Whole leaves Black Tea,100 gms | 132 cups,"Rs.1,800 / tin",https://cdn.shopify.com/s/files/1/0072/1872/4952/products/BT24_A_-2_1000x.jpg?v=1623664582
71,Sri Lankan Orange Pekoe 1 Ceylon Spring Loose Laef Black Tea Tin   150G,"Packed with anti-oxidants, Good for cholesterol, Heart health, Weight loss, Stress relief.",Whole leaves Black Tea,150 gms | 99 cups,"Rs. 1,100 / tin",https://cdn.shopify.com/s/files/1/0072/1872/4952/products/BT12_1000x.jpg?v=1581403303
73,"Assam Phalap Pu'er Tea Jar, 100G","Aids digestion, Packed with anti-oxidants, Cancer fighter, Promotes weight loss, Lowers cholesterol, Relieves stress.","Whole tea leaves rolled, dried & microbially fermented ",100 gms | 124 cups,"Rs. 1,400 / jar",https://cdn.shopify.com/s/files/1/0072/1872/4952/products/PT23_1000x.jpg?v=1581405826
74,Heritage Spice               75G,1. Promotes detoxification 2. Relieves stress 3. Fights against diabetes 4. Reduces arthritis 5. Asthma 6. Good for motion sickness 7. Menstrual discomfort 8. Aids kidney function 9. Treats stomach disorders.,"Ashwagandha, Nettles Root, Ginger","Tea Tin, 75gms = 37 cups",Rs. 780 / tin,https://cdn.shopify.com/s/files/1/0072/1872/4952/products/HeritageSpice_1000x.jpg?v=1597054028
75,Ayurveda Detox Tea Blend                          50G,"Promotes detoxification, Aids digestion, Improves immunity, Treats skin, Respiratory disorders, Lowers blood pressure, Cures menstrual disorders.","Coriander, Black Cumin, Fennel seeds","Tea Pouch, 50 gms = 25 cups",Rs. 720 / tin,https://cdn.shopify.com/s/files/1/0072/1872/4952/products/BLD63_1000x.png?v=1573888322
78,"Organic Darjeeling White Silver Needle buds - Platine Loose Tea Tin,     75G","Contains anti-oxidants, Regulates blood glucose, Promotes dental health, Aids digestion, Boosts immunity.",Whole leaves White Tea,75 gms | 57 cups,"Rs. 2,800 / tin",https://cdn.shopify.com/s/files/1/0072/1872/4952/products/WT02_1000x.jpg?v=1581416170
80,"Organic Deccan, 200G","Lowers cholesterol, Rich in anti-oxidants, Strengthens immune system, Aids weight loss.",Whole leave green tea,200 gms | 132 cups,"Rs.1,180 / tin",https://cdn.shopify.com/s/files/1/0072/1872/4952/products/GT40_dad3033f-2af6-4d5c-922a-07ae9f80c9c1_1000x.jpg?v=1612432748
81,"Flowering Glories Blooming Tea, 10 pcs","Trumpet Flower is known to be a symbol of gratitude. Good for digestion, Lowers cholesterol level, Improves vision, Prevents bronchitis and hypertension.",1 globeflower +2 trumpet flower petals tied to tender green tea leaves,10 pcs | 30 cups,"Rs.1,570 / tin",https://cdn.shopify.com/s/files/1/0072/1872/4952/products/TBL_13_1000x.jpg?v=1615446550
82,"Sri Lankan Ceylon Loose Leaf Black Tea Tin, 200G","Packed with anti-oxidants, Good for cholesterol, Heart health, Weight loss, Stress relief.",Whole leaves Black Tea,200 gms | 132 cups,"Rs.1,100 / tin",https://cdn.shopify.com/s/files/1/0072/1872/4952/products/BT11_1000x.jpg?v=1581403231
84,Gut Feeling Tea Blend                           50G,"Relieves stomach disorders, Good for skin, Balances hormones, Prevents respiratory disorders, Enhances the immune system, Purifies blood.","Indian Holy Basil (Tulsi), Bulgarian Red Rose Petals, Parsley","Tea Pouch, 50 gms = 34 cups",Rs.720 / tin,https://cdn.shopify.com/s/files/1/0072/1872/4952/products/BLD81_1000x.png?v=1573888644
85,"Darjeeling FTGFOP 1 (Fine Tippy Golden Flowery Orange Pekoe, Grade-1) Loose Leaf Black Tea Tin, 200G","Packed with anti-oxidants, Good for cholesterol, Heart health, Weight loss, Stress relief.",Whole leaves Black Tea,200 gms | 132 cups,"Rs.1,400 / tin",https://cdn.shopify.com/s/files/1/0072/1872/4952/products/BT15_1000x.jpg?v=1623663405
87,Exotic Green Jasmine                       75G,1. Good for relaxation 2. Improves brain function 3. Dental health 4. Lowers diabetes 5. Rich in antioxidants 6. Improves cardiovascular health 7. Good for eyes.,"Jasmine Tea, Yellow Chrysanthemum petals, Chaoqing Green Tea","Tea Tin, 75 gms = 75 cups","Rs.1,180 / tin",https://cdn.shopify.com/s/files/1/0072/1872/4952/products/ExoticGreen_1000x.jpg?v=1597930954
88,White Lemongrass Romance                   50G,1. Packed with antioxidants 2. Removes toxins 3. Good for the nervous system 4. Eyes 5. Lowers cholesterol 6. Promotes detoxification 7. Possesses anti-anxiety 8. Anti-aging properties.,"Organic White Bai Mudan leaves, Jammu Lemongrass, Yellow Chrysanthemum petals","Tea Tin, 50 gms = 50 cups","Rs.1,050 / tin",https://cdn.shopify.com/s/files/1/0072/1872/4952/products/WhiteLemongrass_1000x.jpg?v=1597920269
89,Two Mini Famous Sri Lankan Black Teas                       2 x 25g,,"25g  Sri Lankan Ceylon Black Tea, 25g  Sri Lankan Organic Orange Pekoe Ceylon Black Tea",25g x 2 Teas,Rs. 800 / tin,https://cdn.shopify.com/s/files/1/0072/1872/4952/products/BT08_BT09_1000x.jpg?v=1581499582
92,All-Season Tea Blend                          100 G,"Controls hormonal imbalance, Mood swings, Aids digestion, Good for nervous system, Lowers cholesterol, Promotes detoxification, Prevents insomnia, Reduces arthritis, Fights against cancer, Fights against diabetes.","Organic Moringa, Lemongrass, Ashwagandha, Dry Ginger", 100 gms = 50 cups,"Rs. 1,200 / tin",https://cdn.shopify.com/s/files/1/0072/1872/4952/products/BLD106_1000x.png?v=1573889016
93,Spice It Up               100G,1. Rich in antioxidants 2. Regulates blood sugar levels 3. Aids weight loss 4. Boosts immune system 5. Clears cough and common cold 6. Fights against cancer,"Star Anise, Cloves, Black Pepper, Cardamom, Cinnamon",100gms = 76 cups,"Rs.1,050 / tin",https://cdn.shopify.com/s/files/1/0072/1872/4952/products/Spiceitup_1000x.jpg?v=1597053361
94,The Healer Loose Tea Leaf Blend Pouch              150G,"Packed with anti-oxidants, Improves brain function, Dental health, Promotes weight loss, Good for digestion, Improves energy levels, Regulates menstrual cycle.","Chaoqing Green Tea, Star Anise",150 gms | 150 cups,"Rs. 2,000 / tin",https://cdn.shopify.com/s/files/1/0072/1872/4952/products/BLD33_1000x.jpg?v=1609228044
95,Sweet Green Getaway                    75G,1. Packed with antioxidants 2. Improves brain function 3. Dental health 4. Lowers type 2 diabetes 5. Replenishes fever 6. Prevents respiratory disorders 7. Good for eyes 8. Is a natural stress buster.,Chaoqing Green Tea and Yellow Chrysanthemum petals,75 gms = 75 cups,Rs. 950 / tin,https://cdn.shopify.com/s/files/1/0072/1872/4952/products/SweetGreenGetaway_1000x.jpg?v=1597920441
101,"Indian Tulsi Herbal Loose Leaf Tea Tin, 100G","Helps fight acne, Controls diabetes, Balances hormones, Improves respiratory disorders, Dental health.",Whole leaves Herbal Tea,100 gms | 66 cups,"Rs.1,250 / tin",https://cdn.shopify.com/s/files/1/0072/1872/4952/products/HT09_41c1f264-75aa-4be3-a2a2-a0e2b97f5cf7_1000x.jpg?v=1581402915
102,From Now To Forever,,"50G Rosemary & Bulgarian Rose Duet Tea Blend, 1 candle, 1 Mug",Gift Box,"Rs. 3,400 / box",https://cdn.shopify.com/s/files/1/0072/1872/4952/products/Box1_1_1000x.jpg?v=1611810793
103,Two Mini Mood Uplifting Jasmine Teas                       2 x 25g,,"25g Indian Organic Jasmine Black Tea with Darjeeling Black Tea, 25g  Chinese Jasmine Argent Tea",25g x 2 Teas,"Rs.1,000 / pk",https://cdn.shopify.com/s/files/1/0072/1872/4952/products/JT06_02_1000x.jpg?v=1581505327
105,Dance Of Spices       75G,1. Rich in antioxidants 2. Prevents sleep disorders 3. Aids weight loss 4. Boosts immune system 5. Improves heart functions 6. Clears common cold,"Star Anise, Cardamom, Cinnamon", 75 gms = 37 cups,Rs. 800 / tin,https://cdn.shopify.com/s/files/1/0072/1872/4952/products/DanceOfSpice_1000x.jpg?v=1597053397
106,"Darjeeling Classic, 75G",May Help Manage Stress May Help You Loose Weight May Help Prevent Diabetes May Improve Heart Health May Improve Brain Function May Protect Against Certain Cancers Promotes Tooth and Bone Strength May Help Lower Cholesterol,Whole leaves Oolong Tea,75 gms = 100 cups,"Rs. 2,800 / tin",https://cdn.shopify.com/s/files/1/0072/1872/4952/products/OT12-1_1000x.jpg?v=1617856752
109,"You Are My Sunshine Gift Set,   3 x 25g",,"25g Organic Jasmine Darjeeling Black Tea, 25g Jasmine Argent Tea, 25g Santa Jasmine Tea",25g x 3 Teas,"Rs.1,700 / pk",https://cdn.shopify.com/s/files/1/0072/1872/4952/products/DSC01983-01_1000x.jpg?v=1585738324
110,Three Mini White Silver Needle Bud Teas                       3 x 15g,,"15g Darjeeling Platine, 15g Fujian Small Bud, 15g Fujian Big Bud",15g x 3 Teas,"Rs.1,850 / tin",https://cdn.shopify.com/s/files/1/0072/1872/4952/products/WT02_08_A_08_B_1000x.jpg?v=1581498554
111,Girl's Best Friend Tea Blend          100G,"Improves memory, Liver health, Nervous system, Promotes detoxification, Prevents insomnia, Good for skin, Menopause, Digestion.","French Pink Rose petals , Lemongrass, Rosemary leaves,",50 gms = 34 cups,Rs. 750 / pouch,https://cdn.shopify.com/s/files/1/0072/1872/4952/products/BLD36_1000x.png?v=1573887657
112,The Rooibos Moringa Chamomile Tea Blend                          200G,"Controls hormonal imbalance, Mood swing, Aids digestion, Relieves stress, Fights depression, Menstrual spasms, Anti-aging, Improves heart health.","Organic Rooibos, Organic Moringa leaves, Dry Chamomile flower",200 gms | 200 cups,Rs.1300 / tin,https://cdn.shopify.com/s/files/1/0072/1872/4952/products/BLD108_2_1000x.jpg?v=1630316784
119,Secret Spice                 100G,1.Good for motion sickness 2. Asthma 3. Menstrual discomfort 4. Relieves stress 5. Good for joints 6. Prevents sleep disorders,"Ashwagandha, Ginger, Star Anise",100gms = 50 cups,Rs. 950 / tin,https://cdn.shopify.com/s/files/1/0072/1872/4952/products/SecertSpice_1000x.jpg?v=1597053609
120,Black Rose Love          75G,"1. Good for cardiovascular 2. Oral, bone and skin health 3. Anti-aging 4. Blood circulation 5. Menopause 6. Liver health 7. Carries anti-anxiety properties.","Organic Golden Needle buds, French Pink Rose buds",75 gms | 99 cups,"Rs. 2,000 / pouch",https://cdn.shopify.com/s/files/1/0072/1872/4952/products/BlackRoseLove_1000x.jpg?v=1597054161
121,Love at First Sight Loose Leaf Tea Blend Tin             75 G,"Good relaxant, Carries anti-oxidants, Anti-stress, Anti-aging properties, Controls diabetes, Promotes weight loss, Prevents digestive issues, Sleep disorders, Detoxifies body.","Organic White Silver Needle buds, French Lavender buds",75 gms | 99 cups,"Rs. 2,000 / tin",https://cdn.shopify.com/s/files/1/0072/1872/4952/products/BLD17_1000x.jpg?v=1581404088
122,Midnight Minty Rooibos Tea Blend    200 G,"Reduces hypertension, Premature aging, Improves cardio-vascular health, Good for hair, Reduces nausea, Cures muscle pain, Detoxifies the body, Boosts immune system, Aids weight loss.","Organic Rooibos, Peppermint, Ginger mint",200 gms | 200 cups,"Rs.1,560/ tin",https://cdn.shopify.com/s/files/1/0072/1872/4952/products/BLD21_2_1000x.jpg?v=1630315832
123,Indian Organic White Bai Mudan - Platine Loose Leaf Tea                       75 G,"Packed with anti-oxidants, Anti-aging properties, Good for skin, Weight loss, Anti-bacterial.",Whole leaves White Tea,75 gms | 75 cups,"Rs. 2,100 / tin",https://cdn.shopify.com/s/files/1/0072/1872/4952/products/WT04_1000x.jpg?v=1618036763
127,"Two Mini Relaxing Jasmine Teas,            2 x 25g",Mood lifting,"25g INDIAN ORGANIC Tea,  25g CHINESE SANHUA Tea",25g x 2 Teas,"Rs. 1,000 / tin",https://cdn.shopify.com/s/files/1/0072/1872/4952/products/JT06_03_1000x.jpg?v=1581505803
129,Jasmine Tea - Argent + Stay Beautiful Tin                    15G,"Packed with anti-oxidants, Lowers cholesterol, Enhances mood, Relieves stress, Boosts immunity has calming effect",Jasmine Tea - Argent,15 gms | 1 Mini Tin,Rs. 600 / tin,https://cdn.shopify.com/s/files/1/0072/1872/4952/products/Stay_Beautiful-2_1000x.jpg?v=1575093980
131,Rosy Star Tisane         75G,1. Promotes detoxification 2. Relieves stress 3. Fights against diabetes 4. Reduces arthritis 5. Asthma 6. Good for motion sickness 7. Menstrual discomfort 8. Aids kidney function 9. Treats stomach disorders.,"Ashwagandha, Nettles Root, Ginger", 75 gms = 57 Cups,"Rs.1,300 / tin",https://cdn.shopify.com/s/files/1/0072/1872/4952/products/Rosystar_1000x.jpg?v=1609227309
132,The Rare Green Rooibos Herbal Tea   200G,"Packed with anti-oxidants, Anti-aging properties, Improves cholesterol, Weight loss, Reduces hypertension.",,200 gms | 152 cups,"Rs. 2,500 / tin",https://cdn.shopify.com/s/files/1/0072/1872/4952/products/HT05_3_1000x.jpg?v=1630317142
133,Rosy Rooibos Glow Tea Blend                      200G,"Carries anti-aging, Anti-anxiety properties, Good for menopause, liver health, Hair and skin, Boosts immune system, Reduces hypertension, Improves cardio-vascular health.","Organic Rooibos, French Pink Rose petals, Bulgarian Red Rose petals",200 gms | 136 cups,"Rs.1,700 / tin",https://cdn.shopify.com/s/files/1/0072/1872/4952/products/BLD22_2_1000x.jpg?v=1630315919
137,"Contrast Bloom Blooming Tea, 10pcs","Marigold, Jasmine and Globe Amaranth flowers offer a soothing and aromatic experience. Good for digestion Good for Eyes, Relieves stress, Lowers cholesterol level, Packed with anti-oxidants.",1 marigold+ 1 jasmine + 1 Gomphrena globosa tied to make 1 bloom,10 pcs | 30 cups,"Rs.1, 600 / tin",https://cdn.shopify.com/s/files/1/0072/1872/4952/products/TBL_15_60bc559d-e273-41f0-a0c3-0b03b82f17eb_1000x.jpg?v=1615446681
138,"Bloom of Three Blooming Tea, 10pcs","Chrysanthemum, Jasmine and Lily flower petals intricately wrapped with fine green tea leaves and masterfully tied to make each bloom that  delicately caress your senses..Good for eyes, Good for Heart, Good for Immune system, Metabolism, Relaxation, Weight loss, Relieves stress.","Intricate blossoms of 1 chrysanthemum,   jasmine & lily petals",10 pcs | 30 cups,"Rs.1,600 / tin",https://cdn.shopify.com/s/files/1/0072/1872/4952/products/TBL_08_1000x.jpg?v=1615446272
139,"Treat for eyes Blooming Tea, 10pcs","1 Marigold, 1 Jasmine and Globe Amaranth flowers. delicately hand woven with care and masterfully tied together with tender green tea leaves to create a blooming tea that delights all your senses.Tea bloom when dropped in freshly boiled water, it “blooms” magically like a flower. Good for digestion, Good for Skin, Relieves stress, Good for Relaxation, Lowers cholesterol level, Packed with anti-oxidants.",1 marigold + 1 Jasmine + gomphrena globosa,10 pcs | 30 cups,"Rs.1,600 / tin",https://cdn.shopify.com/s/files/1/0072/1872/4952/products/TBL_07_1000x.jpg?v=1615446238
140,"Sri Lankan Orange Pekoe OP1 ( first quality, fine grade) Ceylon Loose Leaf Black Tea Pouch     200G","Packed with anti-oxidants, Good for cholesterol, Heart health, Weight loss, Stress relief.",Whole leaves Black Tea,200 gms | 132 cups,"Rs. 1,300 / pouch",https://cdn.shopify.com/s/files/1/0072/1872/4952/products/BT10_1000x.jpg?v=1581335515
141,"Sri Lankan FBOPF EX SP ( Extra Special Flowery Broken Orange Pekoe) Ceylon loose Leaf Black Tea Tin, 100G","Good for cholesterol, Cardiovascular health, Stress relief, Boosts weight loss.",Whole leaves Black Tea,100 gms | 66 cups,"Rs.1,500 / tin",https://cdn.shopify.com/s/files/1/0072/1872/4952/products/BT06_1000x.jpg?v=1581329596
142,You Are A Blessing Gift Care Pack       3 x 25g,,"25g Yunnan Green Tea, 25g Chinese Jasmine Tea, 25g Classic Taiwanese Oolong Tea, 350ml Mug, with Infuser & Lid",Tea Care Package   3 x 25g Tea tins,"Rs. 2,600 / pk",https://cdn.shopify.com/s/files/1/0072/1872/4952/products/Tea_Care_5_1000x.jpg?v=1626097812
143,Get Brewing Gift Box                              2 x 25g,,"300 ml Double Walled Glass Tea Infuser, 25g Simao Green Tea, 25 grams  Cloudy Fragrance Green Tea",Tea Care Package    2 x 25G Tea Tins,"Rs.2,500 / pk",https://cdn.shopify.com/s/files/1/0072/1872/4952/products/23_ba6dd048-e2c4-465b-9d04-1c172107983f_1000x.jpg?v=1581677076
144,Fit Tea Care Package                        2 x 25g,,"25g Organic Smoky Green Tea, 25g Anji White Green Tea, 320ml Mug, 1 Candle",Tea Care Package      2 x 25G Tea Tins,"Rs.3,400 / pk",https://cdn.shopify.com/s/files/1/0072/1872/4952/products/4_1cb10121-98d2-40bf-9aab-68f7943e3a6d_1000x.jpg?v=1581596391
145,Three Mini Most Aromatic Jasmine Teas                        3 x 25g,,"25g Chinese Sanhua  Argent Jasmine Tea, 25g  Chinese Jasmine Argent Tea, 25g  Indian Organic Jasmine Black Tea",25g x 3 Teas,"Rs.1,500 / pk",https://cdn.shopify.com/s/files/1/0072/1872/4952/products/JT06_02_03_1000x.jpg?v=1581504901
146,Three Mini Bring Joy To Your Gut Green Teas             3 x 25g,Improves Gut Health,"25g Chinese Cloudy Fragrance Loose Leaf Green Tea, 25g Indian Organic Smoky Loose Leaf Green Tea, 25g Chinese Simao Loose Leaf Green Tea",25g x 3 Teas,"Rs. 2,000 / tin",https://cdn.shopify.com/s/files/1/0072/1872/4952/products/GT39_48_23_1000x.jpg?v=1580898875
147,"Green Revolution Tea Blend Pouch, 150g","Packed with anti-oxidants, Aids weight loss, Improves brain function, Lowers cholesterol, Balances hormones, Prevents respiratory disorders, Good for digestion.","Green Tea, Indian Holy Basil, Organic Lemongrass",150 gms | 102 cups,"Rs.1,850 / pouch",https://cdn.shopify.com/s/files/1/0072/1872/4952/products/BLD80_1000x.jpg?v=1581149617
148,Root Therapy Tea Blend                        100G,"Improves sleep disorders and memory, Eases heart burn, Prevents stomach disorders, Promotes relaxation, lowers blood pressure.","Valerian Root, Licorice Root, Gingko Biloba", 100 gms = 50 cups,"Rs.1,450 / tin",https://cdn.shopify.com/s/files/1/0072/1872/4952/products/BLD79_1000x.png?v=1573888569
149,Kiss Of Mint Loose Leaf Tea Blend pouch                 200G,"Improves brain function, Dental health, Aids weight loss, Prevents nausea, Relieves motion sickness, Good for skin, Hair, Digestion.","Chunmee Green Tea, Peppermint, Ginger mint",200 gms | 200 cups,"Rs. 2,100/ pouch",https://cdn.shopify.com/s/files/1/0072/1872/4952/products/BLD_64_1000x.jpg?v=1581336480
150,The Great Green Rooibos Tea Blend 150G,"Packed with anti-oxidants, Aids weight loss, Promotes skin care, Improves digestion, Good for heart, Reduces hypertension, Anti-aging.","Organic Green Rooibos, Cinnamon, Kaffir Lime Leaf",150 gms | 150 cups,"Rs.1,800 / tin",https://cdn.shopify.com/s/files/1/0072/1872/4952/products/BLD85_2_1000x.jpg?v=1630316644
158,Organic Darjeeling TGBOP ( Tippy Golden Broken Orange Pekoe) 2nd Flush Loose Leaf Black Tea Tin      150G,"Good for heart health, Bones, Weight loss, Dental health, Packed with anti-oxidants.",Whole leaves Black Tea,150 gms | 150 cups,"Rs.1,500 / tin",https://cdn.shopify.com/s/files/1/0072/1872/4952/products/BT32-2_1000x.jpg?v=1623665152
160,Bulgarian Ink Rose Flower Tea            100 G,"Eases menstrual cramps, Rich source of Vitamin C, Prevents cardiovascular diseases and osteoporosis, Gives radiant skin and slows down aging, Promotes relaxation.",Whole Dried Rose Flowers,100 gms | 66 cups,"Rs. 2,400 / pouch ",https://cdn.shopify.com/s/files/1/0072/1872/4952/products/FT04_1f30530f-e078-4ba0-8641-1c0b4b1ac8df_1000x.jpg?v=1581147050
161,Tea Spa Tea Blend   100 G,"Prevents respiratory, Digestive issues, Bad breath, Boosts immune system, Aids weight loss, Reduces nausea, Detoxifies the body, Promotes relaxation, Anti-depressant.","French Lavender buds, Ginger mint and Peppermint
", 50 gms = 50 cups,"Rs. 1,200 / tin",https://cdn.shopify.com/s/files/1/0072/1872/4952/products/BLD08_1000x.png?v=1573886619
162,Darjeeling AV2 (Ambari Vegetative) Clonal - Argent Loose Leaf Black Tea Tin                 100G,"Packed with anti-oxidants, Good for cholesterol Heart health, Weight loss, Stress relief.",Whole leaves Black Tea,100 gms | 100 cups,"Rs.1,500 / tin",https://cdn.shopify.com/s/files/1/0072/1872/4952/products/BT13-1_1000x.jpg?v=1624352928
165,You Are Special Gift Care Box                   100G Tea,,"(100gms Dooars Green Tea, 300ml Mug, 1 Candle)",Gift Box,"Rs. 3,800 / box",https://cdn.shopify.com/s/files/1/0072/1872/4952/products/Box8_1_1_1000x.jpg?v=1611810914
175,Organic Darjeeling TGBOP  ( Tippy Golden Broken Orange Pekoe) 1st Flush Loose Leaf Black Tea                         150G,"Good for heart health, Bones, Weight loss, Dental health, Packed with anti-oxidants.",Whole leaves Black Tea,150 gms | 150 cups,"Rs.1,500 / tin",https://cdn.shopify.com/s/files/1/0072/1872/4952/products/BT31-1_1000x.jpg?v=1624352958
176,Organic Soul of Darjeeling TGBOP  (Tippy Golden Broken Orange Pekoe) 2nd Flush Loose Leaf Black Tea Pouch          150G,"Ideal for detox, Weight loss, Packed with anti-oxidants, Improves liver health, Good for heart, Stress relief, cholesterol control.",Whole leaves Black Tea,150 gms | 150 cups,"Rs.1,500 / pouch",https://cdn.shopify.com/s/files/1/0072/1872/4952/products/BT25_B_-2_1000x.jpg?v=1623664886
177,Indian Moringa Powder Herbal Tea Tin                      200G,"Loaded with anti-oxidants, It boosts energy levels, Builds bodys defence mechanism, Controls hormonal imbalance, Mood swings and aids digestion.",Whole leaves Herbal Tea,200 gms | 68 cups,"Rs. 1,100 / tin",https://cdn.shopify.com/s/files/1/0072/1872/4952/products/HT08_f9b0a2e5-f015-4475-8e5f-5f1c8135471a_1000x.jpg?v=1581415360
179,"Lets Lift Iced Tea Tin, 30 pcs","Reduces bad cholesterol, Good for blood pressure, Aids digestive system, Powers the immune system, Protects liver, Works as an anti-depressant, Aids weight loss, Promotes skin care","Hibiscus, Orange Peel and Rosehip.",30 pcs | 30 cups,"Rs.1,500 / tin",https://cdn.shopify.com/s/files/1/0072/1872/4952/products/IC-04-2_1000x.jpg?v=1640179221
180,White Lavender Paradise                    50G,"Packed with anti-oxidants, Removes toxins, Promotes relaxation, Digestive care, Detoxifies the body.","Organic White Bai Mudan leaves, French Lavender buds, Lavender leaves", 50 gms = 50 cups,"Rs. 1,300 / tin",https://cdn.shopify.com/s/files/1/0072/1872/4952/products/WhiteLavenderparadise_1000x.jpg?v=1597053196
182,Romantic Tea Care     2 x 25 g ,,"25g Organic Jasmine Black Tea, 25 grams of our Jasmine Tea - Argent, 500ml Mug, 1 Candle
",Tea Care Package      2 x 25G Teas,"Rs.3,500 / pk",https://cdn.shopify.com/s/files/1/0072/1872/4952/products/13_d6b45b84-6ca1-4dd9-94a0-d86e7b7db390_1000x.jpg?v=1581597782
183,Six Mini TDT’s Oolong Teas            6 x 25 g,,"25g  Darjeeling Loose Leaf Oolong Tea, 25g of Taiwanese Premium Argent Loose Leaf Oolong Tea, 25g of Taiwanese Loose Leaf Oolong Tea, 25g of Chinese Tie Guan Yin  Autumn Loose Leaf Oolong Tea, 25g of Chinese Tie Guan Yin Spring Loose Leaf Oolong Tea, 25g of Chinese Tie Guan Yin Or Loose Leaf Oolong Tea
",,"Rs. 3,700 / pk",https://cdn.shopify.com/s/files/1/0072/1872/4952/products/Set_6_Oolong_Tea_1000x.jpg?v=1580904284
186,The Indian Treasure Tea Blend                      50G,"Good for heart, Stress relief, Weight loss, Relaxation, Lowers cholesterol.","Organic Pride of Darjeeling Black Tea FTGFOP- 1 First Flush- Platine , Saffron","Tea Pouch, 50 gms = 83 cups","Rs 4,200 / pouch",https://cdn.shopify.com/s/files/1/0072/1872/4952/products/BLD31_1000x.png?v=1573887512
193,Secret of Darjeeling FTGFOP ( Fine Tippy Golden Pekoe Orange Pekoe) 2nd Flush Black loose leaf Tea Tin                      100G,"Ideal for detox and weight loss, Packed with anti-oxidants, Improves liver health, Good for heart stress relief, Cholesterol control.",Whole leaves Black Tea,100 gms | 132 cups,"Rs. 2,000 / tin",https://cdn.shopify.com/s/files/1/0072/1872/4952/products/BT24_C_-2_29b1eafa-541b-4dc7-8391-5b5caca728e0_1000x.jpg?v=1623664742
199,Ayurveda Detox Tea Blend + Hustle Mini Tin                         15G,"Promotes detoxification, Aids digestion, Improves immunity, Treats skin, Respiratory disorders, Lowers blood pressure, Cures menstrual disorders. Don't throw away your tea after steeping it! One of the gretest advantage of drinking whole leaf tea is that each serving of leaves can be re-steeped many times.","Coriander, Fennel and Black Cumin",15 gms | 1 Mini Tin,Rs. 600 / tin,https://cdn.shopify.com/s/files/1/0072/1872/4952/products/Hustle_Hard-1_1000x.jpg?v=1575097041
200,Hakuna Matata Tea Blend,"Relieves stress, Prevents cancer, Aids dental health, Weight loss, Good for bones, Good for eyes, Replenishes fever, Revents respiratory disorders, Is a natural stress buster.","Organic Darjeeling Black Tea, Yellow Chrysanthemum petals",50 gms = 50 cups,"Rs.600 /  Pouch,",https://cdn.shopify.com/s/files/1/0072/1872/4952/products/BLD15_1000x.png?v=1573886994
204,Designer Rose Flower tea Cake 100 G,"Promotes metabolism, Improves skin, High in anti-oxidants, Recommended for women.",Whole leaves Designer Tea,100 gms | 100 cups,"Rs. 2,000 / cake",https://cdn.shopify.com/s/files/1/0072/1872/4952/products/DT-06_1000x.jpg?v=1563011809
205,"Un bouquet de Jasmine, 100 G","Promotes weight loss, Good for heart, Packed with anti-oxidants, Anti-aging properties, Boosts cardio vascular health, Enhances mood","Organic Designer Peridot Tea, natural Jasmine flavour",100 gms | 132 cups,"Rs. 4,000 / tin",https://cdn.shopify.com/s/files/1/0072/1872/4952/products/DT03_962a173a-ef05-4995-8148-56d8be0174c9_1000x.jpg?v=1581329526
207,Chinese Fujian White Moon Cake Tea                       75 G,"Packed with anti-oxidants, Anti-aging properties, Good for skin and weight loss, Anti-bacterial.",Whole leaves White Tea,75 gms | 56 cups,"Rs. 2,250 / cake",https://cdn.shopify.com/s/files/1/0072/1872/4952/products/WT05_1000x.jpg?v=1609408128
212,Jasmine Amaranth affair Blooming Tea 10 pcs,"Fine green, blooming tea with leaves intricately wrapped around 4 Jasmine and 1 Globe Amaranth flowers. When the tea bloom is dropped in freshly boiled water, it “blooms” magically like a flower.     Good for digestion, Packed with anti-oxidants, Lowers cholesterol level, Relieves stress, Promotes relaxation.",Each flower is made of 4 jasmines + 1 Gomphrena Globosa tied with whole green tea leaves,10 pcs | 30 cups,"Rs. 2,600 / tin",https://cdn.shopify.com/s/files/1/0072/1872/4952/products/TBL_16_1000x.jpg?v=1615446752
213,"Circle of Life Blooming Tea, 10pcs","Tender green tea leaves and 7 Jasmine flowers are delicately hand woven with care, and masterfully tied together with tender green tea leaves to create a blooming tea that delights all your senses.              Aids weight loss, Packed with anti-oxidants, Promotes relaxation, Good for heart, Relieves stress.",7 Jasmines in a circle,10 pcs | 30 cups,"Rs.1,600 / tin",https://cdn.shopify.com/s/files/1/0072/1872/4952/products/TBL_11_1000x.jpg?v=1615446444
214,Tibet Black Tea  250 G,"Promotes well-being of gastro-intestinal tract, Reduces fat and bad cholesterol, Promotes weight loss, Reduces hypertension, Rejuvenates skin.",Whole leaves Black Tea,1 pcs | 417 Cups,"Rs.1,800 / tin",https://cdn.shopify.com/s/files/1/0072/1872/4952/products/BT05_43a6e981-9ce3-40b2-9bcb-0aad10fac4b8_1000x.png?v=1573889358
217,"Crown of Darjeeling Black FTGFOP ( Fine Tippy Golden Flowery Orange Pekoe)  First Flush- Platine, Loose Leaf Tea Tin                100G","Packed with anti-oxidants, Good for cholesterol, Cardiovascular health, Weight loss, Stress relief.",Whole leaves Black Tea,100 gms | 132 cups,"Rs. 2,600 / tin",https://cdn.shopify.com/s/files/1/0072/1872/4952/products/BT20-1_1000x.jpg?v=1624352994
218,Spirit of Darjeeling FTGFOP-1 ( Fine Tippy Golden Flowery Orange Pekoe) First Flush- Black Loose Leaf Tea Tin               100G,"Packed with anti-oxidants, Good for cholesterol, Cardiovascular health, Weight loss, Stress relief.",Whole leaves Black Tea,100 gms | 132 cups,"Rs. 2,900 / tin",https://cdn.shopify.com/s/files/1/0072/1872/4952/products/BT19_B_-2_1000x.jpg?v=1623665212
219,"Organic Jewel of Darjeeling TGBOP-1 (Tippy Golden Broken Orange Pekoe) First Flush- Argent,Black Loose Leaf Tea Tin  150G","Packed with anti-oxidants, good for cholesterol, Cardiovascular health, Weight loss, Stress relief.",Whole leaves Black Tea,150 gms | 150 cups,"Rs. 2,600 / tin",https://cdn.shopify.com/s/files/1/0072/1872/4952/products/BT18_A_-1_1000x.jpg?v=1623664218
220,Organic Pride of Darjeeling FTGFOP- 1 ( Fine Tippy Golden Flwery Orange Pekoe) First Flush- Platine Loose Leaf Black Tea Tin      100G,"Packed with anti-oxidants, Good for cholesterol, Cardiovascular health, Weight loss, Stress relief.",Whole leaves Black Tea,100 gms | 132 cups,"Rs. 2,800 / tin",https://cdn.shopify.com/s/files/1/0072/1872/4952/products/BT17_A_-2_1000x.jpg?v=1623663676
221,Rare Chinese Purple Tea Cake                   200 gms,"Promotes weight loss control blood, Pressure and cholesterol, Relieves hypertension and aids digestion.",Whole leaves Herbal Tea,200 gms | 200 cups,"Rs. 2,800 / box",https://cdn.shopify.com/s/files/1/0072/1872/4952/products/HT07_7bf86e05-fafb-450b-9bec-a820d7391a80_1000x.jpg?v=1609407822
222,Power Squad Iced Tea Tin                  30 pcs,"Rich in anti-oxidants, Prevents sleep disorders,... 
                More Details","Star Anise, Cardamom and Cinnamon",30 pcs | 30 cups,"Rs.1,500 / tin",https://cdn.shopify.com/s/files/1/0072/1872/4952/products/IC-09-2_1000x.jpg?v=1640179303
223,Moroccan Mint Iced Tea Tin 30 pcs,"Good for immune system, Hormonal imbalances, Memory, Nausea, Muscle pain, Detoxifying the body, Respiratory issues, Bad breath, Weight loss. ",Mint & Lemongrass,30 pcs | 30 cups,"Rs.1,150 / tin",https://cdn.shopify.com/s/files/1/0072/1872/4952/products/IC-05-2_1000x.jpg?v=1640179269
224,"Premium Chinese Yellow Chrysanthemum Flower Tea Packet, 20 pcs","Eliminates liver heat, Improves eyesight, Nourishes the throat, Controls blood pressure and cholesterol, Cools down the body, Prevents sunstroke.",Whole Flowers,20 pcs | 80 cups,"Rs. 3,500 / pkt",https://cdn.shopify.com/s/files/1/0072/1872/4952/products/FT21_ae7ac1ed-4e4f-48a5-b529-e0ca726df26d_1000x.jpg?v=1581147510
225,A Box of Care         3 x 25 g,,"25g Minty Yerba Mate, 25g Chinese Jasmine Argent, 25g Great Green Rooibos Tea Blend, 1 mug with infuser and lid",Tea Care Package      3 x 25 g Tea Tins,"Rs. 2,600 / box",https://cdn.shopify.com/s/files/1/0072/1872/4952/products/Tea_Care_4_1000x.jpg?v=1626066310
226,True Tea Luxury                 2 x 25 g,,"25g Dooars Green Tea, 25g Anji White Green Tea, 350ml Mug, with Infuser & Lid",Tea Care Package      2 x 25G Tea Tins,"Rs. 2,400 / box",https://cdn.shopify.com/s/files/1/0072/1872/4952/products/26_f304f56c-34cf-48bc-8043-30a586d99958_1000x.jpg?v=1581675190
227,Exclusive Pamper With Tea  Care Pack                       2 x 25 g,"Soothing and calming, mood relieving, sleep inducing","25g Jasmine Argent Tea, 25g Organic Jasmine Black Tea, 1 Stacked Tea Set, 1 Candle",Tea Care Package      2 x 25G Tea Tins,"Rs.7,800 / box",https://cdn.shopify.com/s/files/1/0072/1872/4952/products/20_fffb3a8f-0cb1-471e-82c3-c800791ffb45_1000x.jpg?v=1581673777
231,Exclusive Three Mini Rare Chinese Red Black Tea        3 x 25 g,,"25g  Gong Fu Red Argent Black Tea, 25g  Gong Fu Red  Or Black Tea, 25g Red Leaf Platine Black Tea",Tea Care Package    25 g x 3 Teas,"Rs. 2,600 / pk",https://cdn.shopify.com/s/files/1/0072/1872/4952/products/BT22_21_04_1000x.jpg?v=1581502613
232,Three Mini Artisan White Teas         3x15 g,,"15g Chinese White Silver Needle Bud,15g Darjeeling Indian Organic White Bai Mudan - Platine, 15g Indian Organic White Bai Mudan Argent",Tea Care Package       15g x 3 Teas,"Rs.1,850 / pk",https://cdn.shopify.com/s/files/1/0072/1872/4952/products/WT01_12_04_1000x.jpg?v=1581497806
233,Three Mini Premium Oolong Teas           3 x 25 g,Add a glow to your skin and a spring in your step.,"25g  Tie Guan Yin Autumn Chinese Oolong Tea, 25g Taiwanese Oolong Tea – Argent, 25g Tie Guan Yin – Or Chinese Oolong Tea",25g x 3 Teas,"Rs. 2,350 / pk",https://cdn.shopify.com/s/files/1/0072/1872/4952/products/OT16_02_07_1000x.jpg?v=1581497390
237,The Healer Tea Blend + Good Morning Gorgeous Tin                               15 G,"Packed with anti-oxidants, Improves brain function, Dental health, Promotes weight loss, Good for digestion, Improves energy levels, Regulates menstrual cycle.","Chaoqing Green Tea, Star Anise",15 gms | 1 Mini Tin,Rs. 600 / tin,https://cdn.shopify.com/s/files/1/0072/1872/4952/products/Good_Morning-1_1000x.jpg?v=1575095016
239,Citrus Story Tea Blend Pouch        150 g,"Aids weight loss, Promotes skin care, Improves digestion, Reduces cholesterol, Powers immune system, Promotes detoxification.","Lemongrass, Orange peel, Kaffir lime leaves",150 gms | 75 cups,"Rs. 2,800 / pouch",https://cdn.shopify.com/s/files/1/0072/1872/4952/products/BLD70_1000x.jpg?v=1581149498
240,Ayurvedic Spell Tea Blend                         100 G,"Relieves depression, Enhances memory, Helps fight cancer, Relieves asthma, Improves blood flow, Prevents fatigue, Promotes longevity.","Gotukola, Rosemary leaves, Ginkgo Biloba",100 gms = 50 cups,"Rs. 2,000 / tin",https://cdn.shopify.com/s/files/1/0072/1872/4952/products/BLD34_1000x.png?v=1573887600
241,Dreamy Saffron White                            25 G,1. Packed with antioxidants 2. Promotes weight loss 3. Carries anti-aging properties 4. Good for skin 5. Relaxant,"Organic White Silverneedle buds, Saffron", 25 gms = 41 cups,"Rs.1,600 / tin",https://cdn.shopify.com/s/files/1/0072/1872/4952/products/DreamySaffron_1000x.jpg?v=1597920146
242,Pretty in Pink Tea Blend Pouch      150 g,"Rich in anti-oxidants, Good for joints, Prevents sleep disorders, Protects liver, Anti-depressant, Good for menopause, Packed with Vitamins.","Bulgarian Red Rose petals, Star Anise, Hibiscus",150 gms | 102 cups,"Rs.1,600 / tin",https://cdn.shopify.com/s/files/1/0072/1872/4952/products/BLD26_1000x.jpg?v=1581148999
243,Mint & Rooibos Tea Blend                           200 G,"Reduces hypertension, Premature aging, Relieves motion sickness, Prevents stomach disorders, Good for skin and hair, Packed with Vitamin C, Anti-oxidants.","Organic Green Rooibos, Mint",200 gms | 200 cups,"Rs. 2,000 / tin",https://cdn.shopify.com/s/files/1/0072/1872/4952/products/BLD44_2_1000x.jpg?v=1630316314
244,The Sweet Green Rooibos Tea Blend  150 G,"Aids weight loss, Reduces hypertension, Premature aging, Improves cardiovascular health, Eases anxiety, Boosts immunity, Helps control skin problems, Good for eyes.","Organic Green Rooibos, Yellow Chrysanthemum petals, Calendula petals, Blue Corn petals",150 gms | 150 cups,"Rs.1,700 / tin",https://cdn.shopify.com/s/files/1/0072/1872/4952/products/BLD40_2_1000x.jpg?v=1630316056
245,White Small Bud Silver Needle Jasmine Tea               50 G,"Packed with anti-oxidants, Lowers cholesterol, Enhances mood, Relieves stress, Boosts immunity, Has calming effect.",Whole leaves Jasmine Tea,50 gms | 50 cups,"Rs. 3,200 / tin",https://cdn.shopify.com/s/files/1/0072/1872/4952/products/DSC09873_1000x.jpg?v=1633932986
253,Marigold Medley Blooming Tea       10 pcs,"Fine green tea leaves  delicately sewn with 3 vibrant Marigold flowers, delicately hand woven and tied together to create a blooming tea that delights all your senses. When each bloom is dropped in freshly boiled water, it blooms.              Good for digestion, Anti-septic, Skin care, Immune system, Good for Eyes, Eases cramps.",3 marigolds tied to tender green tea leaves to form a bloom,10 pcs | 30 cups,"Rs.1,600 / tin",https://cdn.shopify.com/s/files/1/0072/1872/4952/products/TBL_14-1_1000x.jpg?v=1615446631
255,"Organic Gift of Darjeeling TGBOP-1 (Tippy Golden Broken Orange Pekoe) First Flush, Argent, Black Loose Leaf Tea Tin                   150 G","Packed with anti-oxidants, Good for cholesterol, Cardiovascular health, Weight loss, Stress relief.",Whole leaves Black Tea,150 gms | 150 cups,"Rs. 2,600 / tin",https://cdn.shopify.com/s/files/1/0072/1872/4952/products/BT18_B_-1_1000x.jpg?v=1623664293
256,"Organic Darjeeling Secret FTGFOP-1 (Fine Tippy Golden Flowery Orange Pekoe) First Flush- Platine, Loose Leaf Black Tea Tin       100 G","Packed with anti-oxidants, Good for cholesterol, Cardiovascular health, Weight loss,, Stress relief.",Whole leaves Black Tea,100 gms | 132 cups,"Rs. 2,600 / tin",https://cdn.shopify.com/s/files/1/0072/1872/4952/products/BT17_C_-1_1000x.jpg?v=1623664134
257,Mars & Venus Iced Tea Tin                 30 pcs,"Carries anti-aging, Anti-anxiety properties, Good for menopause, Hair and skin, Boosts immune system, Reduces hypertension, Improves cardio-vascular health, Good for liver health.  
               ","Organic Rooibos, French Pink Rose petals, Bulgarian Red Rose petals",30 pcs | 30 cups,"Rs.1,800 / tin",https://cdn.shopify.com/s/files/1/0072/1872/4952/products/IC-06-2_1000x.jpg?v=1640179257
258,Hint of Mint Iced Tea Tin                  30 pcs,"Reduces hypertension, Premature aging, Improves cardio-vascular health, Good for hair, Reduces nausea, Cures muscle pain, Detoxifies the body, Boosts immune system, Prevents bad breath, Aids weight loss.","Organic Rooibos, Peppermint, Ginger mint",30 pcs | 30 cups,"Rs.1,649",https://cdn.shopify.com/s/files/1/0072/1872/4952/products/IC-03-2_1000x.jpg?v=1640179209
259,Holy Potion Tea Blend                            50 G,,"Holy Basil, Sage, Cinnamon
Taste Notes
Spicy and minty
Best Time
Anytime",50 gms | 34 cups,Rs.550,https://cdn.shopify.com/s/files/1/0072/1872/4952/products/BLD10_1000x.png?v=1573886766
264,Herbal Care                  75 G,1. Good for motion sickness 2. Asthma 3. Menstrual discomfort 4. Boosts immune system 5. Aids weight loss 6. Improves heart functions.,"Black Ginger, Cinnamon, Brown Cardamom","75 gms = 57 Cups,","Rs. 1,300 / tin",https://cdn.shopify.com/s/files/1/0072/1872/4952/products/Herbalcare_1000x.jpg?v=1609226730
266,Femme Fatale Tea Blend                             100 G,"Packed with anti-oxidants, Anti-aging properties, Good for blood pressure, Heart, Digestive system, Liver and skin, Reduces anxiety.","Moringa leaves, French Pink Rose petals, Bulgarian Red Rose petals", 100 gms = 68 cups,Rs. 900 / tin,https://cdn.shopify.com/s/files/1/0072/1872/4952/products/BLD23_1000x.png?v=1573887287
267,The Musical Loose Leaf Tea Blend Pouch                 100 G,"Packed with anti-oxidants, Anti-aging properties, Prevents sleep disorders Remove toxins, Regulates blood sugar levels, Aids weight loss, Boosts immune system.","Organic White Bai Mudan leaves, Star Anise and Cinnamon",100 gms | 100 cups,"Rs.1,500 / pouch",https://cdn.shopify.com/s/files/1/0072/1872/4952/products/BLD_16_1000x.jpg?v=1581336356
269,The First Kiss Loose Leaf  Tea Blend Pouch      150 G,"Promotes relaxation, Prevents digestive issues, Helps cancer prevention, Dental health, Weight loss, Good for bones and heart, Anti-stress.",Organic Darjeeling Black Tea and French Lavender buds,150 gms | 150 cups,"Rs. 2,000 / pouch",https://cdn.shopify.com/s/files/1/0072/1872/4952/products/BLD_11_1000x.jpg?v=1581336320
271,Un Bouquet de Rose                  100 G,"Promotes weight loss, Rich in anti-oxidants & anti-aging properties, Boosts cardiovascular health, Good for skin.","Organic Designer Peridot Tea, natural Rose flavour",100 gms | 132 cups,"Rs. 4,000 / tin",https://cdn.shopify.com/s/files/1/0072/1872/4952/products/DT02_cdef412e-c29a-4ab6-a14d-8c4b7ebe1c2c_1000x.jpg?v=1581329502
272,Premium Organic Black Jasmine Tea                  50 G,"Packed with anti-oxidants, Lowers cholesterol, Enhances mood, Relieves stress, Boosts immunity, Has calming effect.",Whole leaves Jasmine Tea,50 gms | 50 cups,"Rs. 2,250 / tin",https://cdn.shopify.com/s/files/1/0072/1872/4952/products/DSC09871_1000x.jpg?v=1633932887
273,Chinese Fujian Zen White Tea Cake  357 g,"Boosts weight loss, Anti-cancer, Skin beautification, Anti-inflammatory, Packed with anti-oxidants.",Whole leaves White Tea,357 gms | 476 cups,"Rs.15,000 / cake",https://cdn.shopify.com/s/files/1/0072/1872/4952/products/WT-06_1000x.jpg?v=1562849186
274,Indian Organic White Bai Mudan - Argent Loose Leaf Tea Pouch            75 G,"Good for relaxation, Skin care, Anti-aging, Blood pressure, packed with anti-oxidants & immune system.",Whole leaves White Tea,75 gms | 57 cups,"Rs.1,700 / pouch",https://cdn.shopify.com/s/files/1/0072/1872/4952/products/WT12_1000x.jpg?v=1618036996
290,Organic Darjeeling FTGFOP-1 (Fine Tippy Golden Flowery Orange Pekoe 1st Flush - Clonal) Black Loose Leaf Tea              100 G,"Good for heart health, Bones, Weight loss, Dental health, Packed with anti-oxidants.",Whole leaves Black Tea,100 gms | 132 cups,"Rs.2,250 / tin",https://cdn.shopify.com/s/files/1/0072/1872/4952/products/BT29-2_1000x.jpg?v=1623664965
291,Organic Pride of Darjeeling TGBOP (Fine Golden  Broken Orange Pekoe) 2nd Flush Black Loose Tea Pouch                 150 G,"Ideal for detox and weight loss, Packed with anti-oxidants, Improves liver health, Good for heart, Stress relief, Cholesterol control.",Whole leaves Black Tea,150 gms | 150 cups,"Rs.1,850 / pouch",https://cdn.shopify.com/s/files/1/0072/1872/4952/products/BT25_A_-2_1000x.jpg?v=1623664826
292,Organic Soul of Darjeeling FTGFOP (Fine Tippy Golden Flowery Orange Pekoe) 2nd Flush Black Loose Leaf Tea Tin                100 G,"Ideal for detox and weight loss, Packed with anti-oxidants, Improves liver health, Good for heart, Stress relief, Cholesterol control.",Whole leaves Black Tea,100 gms | 132 cups,"Rs.1,850 / tin",https://cdn.shopify.com/s/files/1/0072/1872/4952/products/BT24_B_-2_1000x.jpg?v=1623664677
294,The Prestige Iced Tea Tin                 30 pcs,"Good relaxant, Carries anti-oxidants, Anti-stress and anti-aging properties, Controls diabetes, Promotes weight loss, Prevents digestive issues, Sleep disorders, Detoxifies body.","Organic White Silverneedle, Kashmiri Saffron & Saffron Sugar",30 pcs | 30 cups,"Rs. 5,400 / tin",https://cdn.shopify.com/s/files/1/0072/1872/4952/products/IC-07-2_1000x.jpg?v=1640179877
295,Chateau De Versailles Tea Blend 100 G,"Relieves stress, Good for heart, Anti-aging, Lowers cholesterol, Replenishes fever, Prevents respiratory disorders, Good for eyes.",Organic Golden Needle Buds & Chrysanthemum Petals,100 gms =132 cups,"Rs.3,500 / tin",https://cdn.shopify.com/s/files/1/0072/1872/4952/products/BLD09_1000x.png?v=1573886653
298,Boss Lady Style Gift Box                                                       2 x 50 G,"Calming, Gut healthy, Healthy skin glow","50g Organic Jasmine Tea, 50 g Organic Deccan Tea, 2 Mugs",Tea Care Package    50 g x 2 Teas,"Rs. 4,000 / pk",https://cdn.shopify.com/s/files/1/0072/1872/4952/products/247_1000x.jpg?v=1645779511
299,"Stay True, Stay You! Gift Box                2 x 50 G",,"50g  Relaxing Lavender Rooibos Tea Blend, 50g Green Rooibos Tea Blend, 2 Bone China Mugs",Tea Care Package    50 g x 2 Teas,"Rs. 3,900 / pk",https://cdn.shopify.com/s/files/1/0072/1872/4952/products/1_5eac736c-85b9-49f0-8a5d-36b7054a2b3e_1000x.jpg?v=1645781109
301,Thinking Of You          1 x 50 G,,"50 gm Chinese Huo Shan Huang Ya - Argent Yellow Loose Leaf Tea, 1 candle, 320 ml Mug ",Gift Box                     50 g x 1 Tea,"Rs.3,800 / box",https://cdn.shopify.com/s/files/1/0072/1872/4952/products/Box6_1_1000x.jpg?v=1611770470
302,Soothe The Soul         2 x  25 G,,"25g Simao Green Tea, 25g Cloudy Fragrance Green Tea, 1 spiritual Candle, 1 Stacked Tea Set",Tea Care Packages 25 g x 2 Teas,"Rs. 8,000 / pk",https://cdn.shopify.com/s/files/1/0072/1872/4952/products/19_0390cdd3-ae83-413a-98ec-8d373e399054_1000x.jpg?v=1581680537
308,"Chinese Shui Yun You, Award Wining Ripe Pu'er Tea Cake- (Guangzhou International Tea Expo-2008, grown in Menghai, China)     EXCLUSIVE-1 Pc. ONLY
 357 G","Prevents cancer, Nourishes the stomach, Controls blood pressure and cholesterol, Facilitates slimming.",Whole leaves Pu'er Tea,357 gms | 952 Cups,"Rs. 10,000 / cake",https://cdn.shopify.com/s/files/1/0072/1872/4952/products/PT22_1000x.jpg?v=1609408080
309,"Chinese Shui Yun You, Award winning Raw Pu'er Tea Cake- (Guangzhou International Tea Expo-2008, grown in Menghai, China)     EXCLUSIVE-1 PC. ONLY
357 G","Refreshes the body, Cleanses heat toxins, Summer cooler, Aids digestion, Promotes weight loss.",Whole leaves Pu'er Tea,357 gms | 952 Cups,"Rs. 10,000 / cake",https://cdn.shopify.com/s/files/1/0072/1872/4952/products/PT21_1000x.jpg?v=1609408027
310,Chinese Mengku Raw  Cake EXCLUSIVE-1 PC. ONLY                        250 G,"Contains anti-cancer properties, prevents stress and aids digestion, Lowers cholesterol, purifies blood.",Whole leaves Pu'er Tea,250 gms | 500 Cups,"Rs. 10,600 / cake",https://cdn.shopify.com/s/files/1/0072/1872/4952/products/PT-02_1000x.jpg?v=1562843972
311,Chinese Bing Dao Raw  Cake- Platine   EXCLUSIVE-1 PC. ONLY                         200 G,"Lowers cholesterol, Blood purifier, Aids digestion and sleep, Carries anti-aging and anti-stress properties.",Whole leaves Pu'er Tea,200 gms | 500 Cups,"Rs.16,500 / cake",https://cdn.shopify.com/s/files/1/0072/1872/4952/products/PT01_1000x.jpg?v=1609407920
312,Chinese Chrysanthemum Raw Tablet                          40 Pcs,"Relieves stress, Recommended for elderly, Helps regulate blood sugar level and cholesterol, Helps maintain a healthy stomach, Improves eyesight.",Whole leaves Pu'er Tea,40 pcs | 160 cups,"Rs.1,800 / Pk",https://cdn.shopify.com/s/files/1/0072/1872/4952/products/PT17_1000x.jpg?v=1581415838
313,Sweet Anise                  100 G,1. Packed with antioxidants 2. Good for joints 3. Good for eyes 4. Relieves stress 5. Prevents respiratory disorders 6. Relaxant,"Yellow Chrysanthemum petals, Star Anise", 100 gms = 76 Cups,"Rs.1,600 / pouch",https://cdn.shopify.com/s/files/1/0072/1872/4952/products/SweetAnise_1000x.jpg?v=1609228848
316,Exclusive Chinese Raw Mushroom Lincang Pu'er Tea            250 G,"Boosts weight loss, Anti-aging, Cardiovascular health, Digestion.",Whole leaves Designer Tea,250 gms | 500 cups,"Rs. 8,500 / pc",https://cdn.shopify.com/s/files/1/0072/1872/4952/products/DT-09_1000x.jpg?v=1563011721
317,EXCLUSIVE!Designer Rose Flower Tea Cake     5 Kgs,"Aids metabolism and digestion, Promotes weight loss, Rich in anti-oxidants, Great for womens health.",Whole leaves Designer Tea,5 Kilo | 5000 cups,"Rs. 65,000",https://cdn.shopify.com/s/files/1/0072/1872/4952/products/DT-05_1000x.jpg?v=1563011855
318,limited  edition Darjeeling Moon Drop Designer Loose Tea Leaf Pouch     75 G,"Good for skin, Detox, Anti-aging, Immune system, Digestion.",Whole leaves Designer Tea,75 gms | 124 cups,"Rs. 2,800 / pouch",https://cdn.shopify.com/s/files/1/0072/1872/4952/products/DT04_75f1fc81-ab5e-48df-9905-efa8d8878ca5_1000x.jpg?v=1581416210
319,Indian Organic Moonlight Designer - Platine Loose Leaf Tea Pouch          100 G,"High in anti-oxidants, Fights stomach problems, common cold symptoms, promotes body fat loss, Rejuvenates mind and body.",Whole leaves Designer Tea,100 gms | 166 cups,"Rs. 4,100 / pouch",https://cdn.shopify.com/s/files/1/0072/1872/4952/products/DT01_4c730449-dd7a-4130-989b-8719e3db5b94_1000x.jpg?v=1581147918
320,Chinese White Silver Needle Tea Cake                  200 G,"Packed with anti-oxidants, Boosts immunity, Weight loss, Relaxation, Aids digestion.",Whole leaves White Tea,200 gms | 200 cups,"Rs. 12,500 / cake",https://cdn.shopify.com/s/files/1/0072/1872/4952/products/WT-07_1000x.jpg?v=1562849188
331,Jive of Jasmine & Marigold Blooming Tea                     ,"A floral enchantment of tender green tea leaves delicately wrapped with blooms of 1 Marigold and 5 Jasmine flowers masterfully tied together to create a blooming tea that delights all your senses.                Good for digestion, Good for Skin, Immunity, Relaxation, Relieves stress, Good for heart.",1 marigold + 5 Jasmines tied to Tender Green Leaves,10 pcs | 30 cups,"Rs.1,600 / tin",https://cdn.shopify.com/s/files/1/0072/1872/4952/products/TBL_09_1000x.jpg?v=1615446322
332,Lily & Osmanthus Blooming Tea       10 pcs,"Fine green tea leaves are delicately wrapped with fragrant blossoms of 1 Lily and Osmanthus flower petals to create a blooming tea. When the tea bloom is dropped in freshly boiled water, it “blooms” magically in your teapot or glass like a flower.                    Packed with anti-oxidants, Relieves stress, Detoxifies body, Aids weight loss, Good for skin and eyes.",1 lily + osmanthus petals + green tea leaves,10 pcs | 30 cups,"Rs.1,600 / tin",https://cdn.shopify.com/s/files/1/0072/1872/4952/products/TBL_04_1000x.jpg?v=1615445937
334,"Organic Darjeeling FTGFOP 1 (Fine Tippy Golden Flowery Orange Pekoe , Grade 1)(Clonal) 2nd Flush Loose Leaf Black Tea Tin                       100 G","Good for heart health, Bones, Weight loss, Dental health, Packed with anti-oxidants.",Whole leaves Black Tea,100 gms | 132 cups,"Rs. 2,100 / tin",https://cdn.shopify.com/s/files/1/0072/1872/4952/products/BT30-2_1000x.jpg?v=1623665066
336,Organic Soul of Darjeeling FTGFOP-1 (Fine Tippy Golden Flowery Orange Pekoe) First Flush- Platine Loose Leaf Black Tea Tin         100 G,"Packed with anti-oxidants, Good for cholesterol, Cardiovascular health, Weight loss, Stress relief.",Whole leaves Black Tea,100 gms | 132 cups,"Rs. 2,800 / tin",https://cdn.shopify.com/s/files/1/0072/1872/4952/products/BT17_B_-1_1000x.jpg?v=1623664030
338,Full of Surprises Iced Tea Tin         30 pcs,"Reduces hypertension, Premature... 
               ",Organic Green Rooibos & Mint,30 pcs | 30 cups,"Rs. 2,600 / tin",https://cdn.shopify.com/s/files/1/0072/1872/4952/products/IC-08-2_1000x.jpg?v=1640179195
339,Natural Spring Tea Tin                        30 pcs,"Packed with anti-oxidants, Removes toxins, Promotes relaxation, Prevents digestive issues, Detoxifies the body.","Organic White Bai Mudan Leaves, French Lavender Buds, French Lavender Leaves",30 pcs | 30 cups,"Rs. 2,300 / tin",https://cdn.shopify.com/s/files/1/0072/1872/4952/products/IC-01-2_1000x.jpg?v=1640179286
340,White Silver Needle Harmony                     50 G,1. Promotes relaxation 2. High in antioxidants 3. Controls diabetes 4. Promotes weight loss 5. Good for eyes 6. Replenishes fever 7. Prevents respiratory disorders 8. Natural stress buster,"Organic White Silverneedle buds, Yellow Chrysanthemum petals", 50 gms = 50 cups,"Rs.1,450 / tin",https://cdn.shopify.com/s/files/1/0072/1872/4952/products/WhiteSilverneedle_1000x.jpg?v=1597920326